<?xml version = '1.0' encoding = 'UTF-8'?>
<Relation class="oracle.dbtools.crest.model.design.logical.Relation" name="Relation_3" directorySegmentName="seg_0" id="15DB23EE-7D90-452D-5322-D1C3200A5814">
<createdBy>nrivera</createdBy>
<createdTime>2025-08-31 22:45:28 UTC</createdTime>
<ownerDesignName>Residencia</ownerDesignName>
<engineerTo>
<item key="99E086AB-8155-186E-860F-FC6076F55C85" value="true"/>
</engineerTo>
<sourceTransferable>false</sourceTransferable>
<targetTransferable>false</targetTransferable>
<sourcePk>8138987C-181B-4B1C-7DFA-E482B48654A5</sourcePk>
<identifying>false</identifying>
<optionalSource>true</optionalSource>
<optionalTarget>false</optionalTarget>
<sourceCardinality>1</sourceCardinality>
<sourceEntity>2325B273-FD6F-5493-6E17-519C683D960F</sourceEntity>
<targetCardinalityString>*</targetCardinalityString>
<targetEntity>6E56E823-4EE2-16C3-3BB9-419C57A27BF5</targetEntity>
<transferable>true</transferable>
<deleteRule>NO ACTION</deleteRule>
</Relation>