<?xml version = '1.0' encoding = 'UTF-8'?>
<Relation class="oracle.dbtools.crest.model.design.logical.Relation" name="Relation_22" directorySegmentName="seg_0" id="19ED17A4-E802-29A6-4E5F-BD5E1A0206FB">
<createdBy>nrivera</createdBy>
<createdTime>2025-09-01 01:03:17 UTC</createdTime>
<ownerDesignName>Residencia</ownerDesignName>
<engineerTo>
<item key="99E086AB-8155-186E-860F-FC6076F55C85" value="true"/>
</engineerTo>
<sourceTransferable>false</sourceTransferable>
<targetTransferable>false</targetTransferable>
<sourcePk>D7E60105-D04D-A9A9-72E8-776821D58695</sourcePk>
<identifying>false</identifying>
<optionalSource>true</optionalSource>
<optionalTarget>false</optionalTarget>
<sourceCardinality>1</sourceCardinality>
<sourceEntity>E84D4321-FB3D-12DE-BE2E-0C6F5BBB90E3</sourceEntity>
<targetCardinalityString>*</targetCardinalityString>
<targetEntity>62340427-52F4-D404-ED4F-0F4175658327</targetEntity>
<transferable>true</transferable>
<deleteRule>NO ACTION</deleteRule>
</Relation>