<?xml version = '1.0' encoding = 'UTF-8'?>
<Relation class="oracle.dbtools.crest.model.design.logical.Relation" name="Relation_10" directorySegmentName="seg_0" id="35AFCC45-2C7F-5317-5660-073463C14C79">
<createdBy>nrivera</createdBy>
<createdTime>2025-08-31 23:51:51 UTC</createdTime>
<ownerDesignName>Residencia</ownerDesignName>
<engineerTo>
<item key="99E086AB-8155-186E-860F-FC6076F55C85" value="true"/>
</engineerTo>
<sourceTransferable>false</sourceTransferable>
<targetTransferable>false</targetTransferable>
<sourcePk>47E14902-469B-1150-1E3B-DC98CDBA388B</sourcePk>
<identifying>false</identifying>
<optionalSource>true</optionalSource>
<optionalTarget>false</optionalTarget>
<sourceCardinality>1</sourceCardinality>
<sourceEntity>62340427-52F4-D404-ED4F-0F4175658327</sourceEntity>
<targetCardinalityString>*</targetCardinalityString>
<targetEntity>DEB62920-FC1C-0A65-9E42-C8C65C8AFFB9</targetEntity>
<transferable>true</transferable>
<deleteRule>NO ACTION</deleteRule>
</Relation>