<?xml version = '1.0' encoding = 'UTF-8'?>
<Relation class="oracle.dbtools.crest.model.design.logical.Relation" name="Relation_20" directorySegmentName="seg_0" id="6AD809FF-DA2C-BE0D-C6A0-C9FE8C36AB81">
<createdBy>nrivera</createdBy>
<createdTime>2025-09-01 00:50:28 UTC</createdTime>
<ownerDesignName>Residencia</ownerDesignName>
<engineerTo>
<item key="99E086AB-8155-186E-860F-FC6076F55C85" value="true"/>
</engineerTo>
<sourceTransferable>false</sourceTransferable>
<targetTransferable>false</targetTransferable>
<sourcePk>DB98ACF6-D7D4-5273-74FF-E58A07B006B2</sourcePk>
<identifying>false</identifying>
<optionalSource>true</optionalSource>
<optionalTarget>false</optionalTarget>
<sourceCardinality>1</sourceCardinality>
<sourceEntity>5479D642-7C7B-6B79-F648-EAF93B11A6C1</sourceEntity>
<targetCardinalityString>*</targetCardinalityString>
<targetEntity>2031F20E-E995-49ED-D63E-2E6FC69DB73B</targetEntity>
<transferable>true</transferable>
<deleteRule>NO ACTION</deleteRule>
</Relation>