<?xml version = '1.0' encoding = 'UTF-8'?>
<Relation class="oracle.dbtools.crest.model.design.logical.Relation" name="Relation_19" directorySegmentName="seg_0" id="88641581-B754-6266-9F36-025C003FD5C5">
<createdBy>nrivera</createdBy>
<createdTime>2025-09-01 00:48:55 UTC</createdTime>
<ownerDesignName>Residencia</ownerDesignName>
<engineerTo>
<item key="99E086AB-8155-186E-860F-FC6076F55C85" value="true"/>
</engineerTo>
<sourceTransferable>false</sourceTransferable>
<targetTransferable>false</targetTransferable>
<sourcePk>203A1E71-EB1B-8D39-6AA1-4F23FA6EBBE1</sourcePk>
<identifying>false</identifying>
<optionalSource>true</optionalSource>
<optionalTarget>false</optionalTarget>
<sourceCardinality>1</sourceCardinality>
<sourceEntity>6E56E823-4EE2-16C3-3BB9-419C57A27BF5</sourceEntity>
<targetCardinalityString>*</targetCardinalityString>
<targetEntity>62340427-52F4-D404-ED4F-0F4175658327</targetEntity>
<transferable>true</transferable>
<deleteRule>NO ACTION</deleteRule>
</Relation>