<?xml version = '1.0' encoding = 'UTF-8'?>
<Relation class="oracle.dbtools.crest.model.design.logical.Relation" name="Relation_2" directorySegmentName="seg_0" id="8D7468AD-3233-3B19-90C7-AC7001561D81">
<createdBy>nrivera</createdBy>
<createdTime>2025-08-31 22:43:12 UTC</createdTime>
<ownerDesignName>Residencia</ownerDesignName>
<engineerTo>
<item key="99E086AB-8155-186E-860F-FC6076F55C85" value="true"/>
</engineerTo>
<sourceTransferable>false</sourceTransferable>
<targetTransferable>false</targetTransferable>
<sourcePk>733A030E-268F-AF45-7174-29016AB0BCF1</sourcePk>
<identifying>false</identifying>
<optionalSource>false</optionalSource>
<optionalTarget>false</optionalTarget>
<sourceCardinality>1</sourceCardinality>
<sourceEntity>34F4CC09-7314-F19E-0051-1118FC659E16</sourceEntity>
<targetCardinalityString>*</targetCardinalityString>
<targetEntity>2325B273-FD6F-5493-6E17-519C683D960F</targetEntity>
<transferable>true</transferable>
<deleteRule>NO ACTION</deleteRule>
</Relation>