<?xml version = '1.0' encoding = 'UTF-8'?>
<Relation class="oracle.dbtools.crest.model.design.logical.Relation" name="Relation_1" directorySegmentName="seg_0" id="C30DA20E-0F9A-2A5F-5853-93662AB02607">
<createdBy>nrivera</createdBy>
<createdTime>2025-08-31 22:36:32 UTC</createdTime>
<ownerDesignName>Residencia</ownerDesignName>
<engineerTo>
<item key="99E086AB-8155-186E-860F-FC6076F55C85" value="true"/>
</engineerTo>
<sourceTransferable>false</sourceTransferable>
<targetTransferable>false</targetTransferable>
<sourcePk>DC914BA1-F3F6-1544-C659-C73D7A28D5F9</sourcePk>
<identifying>false</identifying>
<optionalSource>false</optionalSource>
<optionalTarget>false</optionalTarget>
<sourceCardinality>1</sourceCardinality>
<sourceEntity>704968D0-9562-5F68-E031-4AA94AD8BF0D</sourceEntity>
<targetCardinalityString>*</targetCardinalityString>
<targetEntity>34F4CC09-7314-F19E-0051-1118FC659E16</targetEntity>
<transferable>true</transferable>
<deleteRule>NO ACTION</deleteRule>
</Relation>