<?xml version = '1.0' encoding = 'UTF-8'?>
<Relation class="oracle.dbtools.crest.model.design.logical.Relation" name="Relation_21" directorySegmentName="seg_0" id="D7DA470A-7612-6A77-21D5-AF97E66A1F2D">
<createdBy>nrivera</createdBy>
<createdTime>2025-09-01 00:51:18 UTC</createdTime>
<ownerDesignName>Residencia</ownerDesignName>
<engineerTo>
<item key="99E086AB-8155-186E-860F-FC6076F55C85" value="true"/>
</engineerTo>
<sourceTransferable>false</sourceTransferable>
<targetTransferable>false</targetTransferable>
<sourcePk>8138987C-181B-4B1C-7DFA-E482B48654A5</sourcePk>
<identifying>false</identifying>
<optionalSource>true</optionalSource>
<optionalTarget>false</optionalTarget>
<sourceCardinality>1</sourceCardinality>
<sourceEntity>2325B273-FD6F-5493-6E17-519C683D960F</sourceEntity>
<targetCardinalityString>*</targetCardinalityString>
<targetEntity>A82B3D23-CBD1-106D-3282-D1FC7CF6E5EF</targetEntity>
<transferable>true</transferable>
<deleteRule>NO ACTION</deleteRule>
</Relation>