<?xml version = '1.0' encoding = 'UTF-8'?>
<Relation class="oracle.dbtools.crest.model.design.logical.Relation" name="Relation_18" directorySegmentName="seg_0" id="E33AD53C-71FA-384A-1DD2-B89AF6A5FA4B">
<createdBy>nrivera</createdBy>
<createdTime>2025-09-01 00:48:02 UTC</createdTime>
<ownerDesignName>Residencia</ownerDesignName>
<engineerTo>
<item key="99E086AB-8155-186E-860F-FC6076F55C85" value="true"/>
</engineerTo>
<sourceTransferable>false</sourceTransferable>
<targetTransferable>false</targetTransferable>
<sourcePk>6F6BB492-DB1D-1494-9D91-86775EDAED97</sourcePk>
<identifying>false</identifying>
<optionalSource>true</optionalSource>
<optionalTarget>false</optionalTarget>
<sourceCardinality>1</sourceCardinality>
<sourceEntity>DC48AC61-A8DD-EC56-17A9-8F16558B58D9</sourceEntity>
<targetCardinalityString>*</targetCardinalityString>
<targetEntity>E84D4321-FB3D-12DE-BE2E-0C6F5BBB90E3</targetEntity>
<transferable>true</transferable>
<deleteRule>NO ACTION</deleteRule>
</Relation>