<?xml version = '1.0' encoding = 'UTF-8'?>
<Relation class="oracle.dbtools.crest.model.design.logical.Relation" name="Relation_16" directorySegmentName="seg_0" id="F5FC008A-5014-77E7-8B52-1770DAD6F499">
<createdBy>nrivera</createdBy>
<createdTime>2025-09-01 00:14:14 UTC</createdTime>
<ownerDesignName>Residencia</ownerDesignName>
<engineerTo>
<item key="99E086AB-8155-186E-860F-FC6076F55C85" value="true"/>
</engineerTo>
<sourceTransferable>false</sourceTransferable>
<targetTransferable>false</targetTransferable>
<sourcePk>8138987C-181B-4B1C-7DFA-E482B48654A5</sourcePk>
<identifying>false</identifying>
<optionalSource>true</optionalSource>
<optionalTarget>false</optionalTarget>
<sourceCardinality>1</sourceCardinality>
<sourceEntity>2325B273-FD6F-5493-6E17-519C683D960F</sourceEntity>
<targetCardinalityString>*</targetCardinalityString>
<targetEntity>5479D642-7C7B-6B79-F648-EAF93B11A6C1</targetEntity>
<transferable>true</transferable>
<deleteRule>NO ACTION</deleteRule>
</Relation>