<?xml version = '1.0' encoding = 'UTF-8'?>
<Relation class="oracle.dbtools.crest.model.design.logical.Relation" name="Relation_17" directorySegmentName="seg_0" id="FEFA7785-4BAE-E3FF-35B3-6A2342F8085F">
<createdBy>nrivera</createdBy>
<createdTime>2025-09-01 00:26:08 UTC</createdTime>
<ownerDesignName>Residencia</ownerDesignName>
<engineerTo>
<item key="99E086AB-8155-186E-860F-FC6076F55C85" value="true"/>
</engineerTo>
<sourceTransferable>false</sourceTransferable>
<targetTransferable>false</targetTransferable>
<targetPk>B48067A3-D635-1B8D-D5C0-AEFFC7F3F880</targetPk>
<identifying>false</identifying>
<nameOnSource>jefe</nameOnSource>
<nameOnTarget>supervisado</nameOnTarget>
<optionalSource>true</optionalSource>
<optionalTarget>false</optionalTarget>
<sourceCardinality>1</sourceCardinality>
<sourceEntity>239A9A6E-0329-A6F6-92C5-2E784F846CC1</sourceEntity>
<targetCardinalityString>*</targetCardinalityString>
<targetEntity>239A9A6E-0329-A6F6-92C5-2E784F846CC1</targetEntity>
<transferable>true</transferable>
<deleteRule>NO ACTION</deleteRule>
</Relation>