<?xml version = '1.0' encoding = 'UTF-8'?>
<Relation class="oracle.dbtools.crest.model.design.logical.Relation" name="Relation_12" directorySegmentName="seg_0" id="FFE68E38-8907-96BA-75D7-B019056DFE0E">
<createdBy>nrivera</createdBy>
<createdTime>2025-09-01 00:03:34 UTC</createdTime>
<ownerDesignName>Residencia</ownerDesignName>
<engineerTo>
<item key="99E086AB-8155-186E-860F-FC6076F55C85" value="true"/>
</engineerTo>
<sourceTransferable>false</sourceTransferable>
<targetTransferable>false</targetTransferable>
<sourcePk>DB98ACF6-D7D4-5273-74FF-E58A07B006B2</sourcePk>
<identifying>false</identifying>
<optionalSource>true</optionalSource>
<optionalTarget>false</optionalTarget>
<sourceCardinality>1</sourceCardinality>
<sourceEntity>5479D642-7C7B-6B79-F648-EAF93B11A6C1</sourceEntity>
<targetCardinalityString>*</targetCardinalityString>
<targetEntity>DEB62920-FC1C-0A65-9E42-C8C65C8AFFB9</targetEntity>
<transferable>true</transferable>
<deleteRule>NO ACTION</deleteRule>
</Relation>