<?xml version = '1.0' encoding = 'UTF-8'?>
<relationalModel class="oracle.dbtools.crest.model.design.relational.RelationalDesign" name="Relational_1" id="479F9C62-D3B0-7A2A-E200-DF329A31F2EB" mainViewID="2BED79F6-B77B-6EBE-22C0-7584909EEFB1">
<createdBy>nrivera</createdBy>
<createdTime>2025-09-15 16:17:32 UTC</createdTime>
<ownerDesignName>Sumativa_2</ownerDesignName>
<shouldBeOpen>false</shouldBeOpen>
<selectedRDBMSSite>32076570-2523-435C-2E92-BF29817DFF70</selectedRDBMSSite>
</relationalModel>