<?xml version = '1.0' encoding = 'UTF-8'?>
<Entity class="oracle.dbtools.crest.model.design.logical.Entity" directorySegmentName="seg_0" id="06E9D080-ABF0-772D-1E3C-A636630851E3" name="MEDICO">
<createdBy>nrivera</createdBy>
<createdTime>2025-09-15 16:24:11 UTC</createdTime>
<ownerDesignName>Sumativa_2</ownerDesignName>
<engineerTo>
<item key="479F9C62-D3B0-7A2A-E200-DF329A31F2EB" value="true"/>
</engineerTo>
<adequatelyNormalized>NO</adequatelyNormalized>
<expectedVolumes>0</expectedVolumes>
<fwdEngineeringStrategyName>Single Table</fwdEngineeringStrategyName>
<growthPercent>0</growthPercent>
<growthType>Year</growthType>
<maxVolumes>9999999</maxVolumes>
<minVolumes>0</minVolumes>
<normalForm>Third</normalForm>
<attributes itemClass="oracle.dbtools.crest.model.design.logical.Attribute">
<Attribute name="id_medico" id="C709A06D-664D-7CD0-41FE-8D95C1376313">
<createdBy>nrivera</createdBy>
<createdTime>2025-09-15 16:29:30 UTC</createdTime>
<ownerDesignName>Sumativa_2</ownerDesignName>
<engineerTo>
<item key="479F9C62-D3B0-7A2A-E200-DF329A31F2EB" value="true"/>
</engineerTo>
<useDomainConstraints>false</useDomainConstraints>
<use>1</use>
<logicalDatatype>LOGDT011</logicalDatatype>
<ownDataTypeParameters>,,</ownDataTypeParameters>
</Attribute>
<Attribute name="rut" id="70EE2A51-6427-D0D1-2BBC-4DBE77107D67">
<createdBy>nrivera</createdBy>
<createdTime>2025-09-15 16:24:25 UTC</createdTime>
<ownerDesignName>Sumativa_2</ownerDesignName>
<engineerTo>
<item key="479F9C62-D3B0-7A2A-E200-DF329A31F2EB" value="true"/>
</engineerTo>
<useDomainConstraints>false</useDomainConstraints>
<use>1</use>
<logicalDatatype>LOGDT025</logicalDatatype>
<dataTypeSize>13 CHAR</dataTypeSize>
<ownDataTypeParameters>13 CHAR,,</ownDataTypeParameters>
</Attribute>
<Attribute name="nombre" id="275B893B-709F-E5DE-E8BD-ACEB556086D5">
<createdBy>nrivera</createdBy>
<createdTime>2025-09-15 16:24:51 UTC</createdTime>
<ownerDesignName>Sumativa_2</ownerDesignName>
<engineerTo>
<item key="479F9C62-D3B0-7A2A-E200-DF329A31F2EB" value="true"/>
</engineerTo>
<useDomainConstraints>false</useDomainConstraints>
<use>1</use>
<logicalDatatype>LOGDT025</logicalDatatype>
<dataTypeSize>50 CHAR</dataTypeSize>
<ownDataTypeParameters>50 CHAR,,</ownDataTypeParameters>
</Attribute>
<Attribute name="fecha_ingreso" id="199C63FB-1F79-41BC-04F0-B8703AAF498E">
<createdBy>nrivera</createdBy>
<createdTime>2025-09-15 16:25:14 UTC</createdTime>
<ownerDesignName>Sumativa_2</ownerDesignName>
<engineerTo>
<item key="479F9C62-D3B0-7A2A-E200-DF329A31F2EB" value="true"/>
</engineerTo>
<useDomainConstraints>false</useDomainConstraints>
<use>1</use>
<logicalDatatype>LOGDT007</logicalDatatype>
<ownDataTypeParameters>,,</ownDataTypeParameters>
</Attribute>
<Attribute name="id_especialidad" id="BEDB7983-0974-94D4-F392-CC6FE23089BE">
<createdBy>nrivera</createdBy>
<createdTime>2025-09-15 17:29:58 UTC</createdTime>
<generatorID>FAB6723A-3476-6CAE-FC47-85536CF1C33C</generatorID>
<ownerDesignName>Sumativa_2</ownerDesignName>
<engineerTo>
<item key="479F9C62-D3B0-7A2A-E200-DF329A31F2EB" value="true"/>
</engineerTo>
<referedAttribute>CBE72DA8-E0C1-2C1B-FD7B-E608336AB405</referedAttribute>
<useDomainConstraints>false</useDomainConstraints>
<use>1</use>
<logicalDatatype>LOGDT011</logicalDatatype>
<ownDataTypeParameters>,,</ownDataTypeParameters>
</Attribute>
<Attribute name="rut1" id="36F7C777-A6A2-316D-999C-3C37F462611F">
<createdBy>nrivera</createdBy>
<createdTime>2025-09-16 00:02:06 UTC</createdTime>
<generatorID>6DB04676-9F55-8B1E-D939-9BA60C1039E7</generatorID>
<ownerDesignName>Sumativa_2</ownerDesignName>
<engineerTo>
<item key="479F9C62-D3B0-7A2A-E200-DF329A31F2EB" value="true"/>
</engineerTo>
<nullsAllowed>true</nullsAllowed>
<referedAttribute>70EE2A51-6427-D0D1-2BBC-4DBE77107D67</referedAttribute>
<useDomainConstraints>false</useDomainConstraints>
<use>1</use>
<logicalDatatype>LOGDT025</logicalDatatype>
<dataTypeSize>13 CHAR</dataTypeSize>
<ownDataTypeParameters>,,</ownDataTypeParameters>
</Attribute>
<Attribute name="id_medico1" id="2FAD1393-2951-8F02-4808-96F9251C68E9">
<createdBy>nrivera</createdBy>
<createdTime>2025-09-16 00:02:06 UTC</createdTime>
<generatorID>6DB04676-9F55-8B1E-D939-9BA60C1039E7</generatorID>
<ownerDesignName>Sumativa_2</ownerDesignName>
<engineerTo>
<item key="479F9C62-D3B0-7A2A-E200-DF329A31F2EB" value="true"/>
</engineerTo>
<nullsAllowed>true</nullsAllowed>
<referedAttribute>C709A06D-664D-7CD0-41FE-8D95C1376313</referedAttribute>
<useDomainConstraints>false</useDomainConstraints>
<use>1</use>
<logicalDatatype>LOGDT011</logicalDatatype>
<ownDataTypeParameters>,,</ownDataTypeParameters>
</Attribute>
<Attribute name="id_afp" id="0D4A7E7B-0EF2-FDFB-00B1-B20B894F7D7E">
<createdBy>nrivera</createdBy>
<createdTime>2025-09-16 00:14:59 UTC</createdTime>
<generatorID>B20715B5-AAAC-39BF-F70B-38F01AFBE978</generatorID>
<ownerDesignName>Sumativa_2</ownerDesignName>
<engineerTo>
<item key="479F9C62-D3B0-7A2A-E200-DF329A31F2EB" value="true"/>
</engineerTo>
<referedAttribute>BDB84B0E-297C-FEFD-8F00-B11EF69234A4</referedAttribute>
<useDomainConstraints>false</useDomainConstraints>
<use>1</use>
<logicalDatatype>LOGDT011</logicalDatatype>
<ownDataTypeParameters>,,</ownDataTypeParameters>
</Attribute>
<Attribute name="id_institucion" id="5E7ADB3C-50C1-7CAF-9B42-6D11C442096A">
<createdBy>nrivera</createdBy>
<createdTime>2025-09-16 00:15:41 UTC</createdTime>
<generatorID>AB2B23DF-90EF-F13A-E9FE-3920D1CFCA4C</generatorID>
<ownerDesignName>Sumativa_2</ownerDesignName>
<engineerTo>
<item key="479F9C62-D3B0-7A2A-E200-DF329A31F2EB" value="true"/>
</engineerTo>
<referedAttribute>DCB5F3CE-749B-E57F-1FCC-6880526ED49A</referedAttribute>
<useDomainConstraints>false</useDomainConstraints>
<use>1</use>
<logicalDatatype>LOGDT011</logicalDatatype>
<ownDataTypeParameters>,,</ownDataTypeParameters>
</Attribute>
</attributes>
<identifiers itemClass="oracle.dbtools.crest.model.design.logical.CandidateKey">
<identifier id="F1EAAE64-1472-3FD9-5C6D-D4AF12A85EE4" name="MEDICO PK">
<createdBy>nrivera</createdBy>
<createdTime>2025-09-15 16:24:43 UTC</createdTime>
<ownerDesignName>Sumativa_2</ownerDesignName>
<shouldEngineer>false</shouldEngineer>
<engineerTo>
<item key="479F9C62-D3B0-7A2A-E200-DF329A31F2EB" value="false"/>
</engineerTo>
<pk>true</pk>
<usedAttributes>
<attributeRef>70EE2A51-6427-D0D1-2BBC-4DBE77107D67</attributeRef>
<attributeRef>C709A06D-664D-7CD0-41FE-8D95C1376313</attributeRef>
</usedAttributes>
</identifier>
</identifiers>
</Entity>