<?xml version = '1.0' encoding = 'UTF-8'?>
<Entity class="oracle.dbtools.crest.model.design.logical.Entity" directorySegmentName="seg_0" id="840AB4E5-8139-5D50-3B6D-F368584099FB" name="DIAGNOSTICO">
<createdBy>nrivera</createdBy>
<createdTime>2025-09-15 17:34:20 UTC</createdTime>
<ownerDesignName>Sumativa_2</ownerDesignName>
<engineerTo>
<item key="479F9C62-D3B0-7A2A-E200-DF329A31F2EB" value="true"/>
</engineerTo>
<adequatelyNormalized>NO</adequatelyNormalized>
<expectedVolumes>0</expectedVolumes>
<fwdEngineeringStrategyName>Single Table</fwdEngineeringStrategyName>
<growthPercent>0</growthPercent>
<growthType>Year</growthType>
<maxVolumes>9999999</maxVolumes>
<minVolumes>0</minVolumes>
<normalForm>Third</normalForm>
<attributes itemClass="oracle.dbtools.crest.model.design.logical.Attribute">
<Attribute name="id_diagnostico" id="6C6D86DF-1155-FDB3-64A9-D19214B10A75">
<createdBy>nrivera</createdBy>
<createdTime>2025-09-15 17:34:39 UTC</createdTime>
<ownerDesignName>Sumativa_2</ownerDesignName>
<engineerTo>
<item key="479F9C62-D3B0-7A2A-E200-DF329A31F2EB" value="true"/>
</engineerTo>
<useDomainConstraints>false</useDomainConstraints>
<use>1</use>
<logicalDatatype>LOGDT011</logicalDatatype>
<ownDataTypeParameters>,,</ownDataTypeParameters>
</Attribute>
<Attribute name="nombre" id="C40B2B0E-0444-E978-59FD-7147E6618EB3">
<createdBy>nrivera</createdBy>
<createdTime>2025-09-15 17:34:55 UTC</createdTime>
<ownerDesignName>Sumativa_2</ownerDesignName>
<engineerTo>
<item key="479F9C62-D3B0-7A2A-E200-DF329A31F2EB" value="true"/>
</engineerTo>
<useDomainConstraints>false</useDomainConstraints>
<use>1</use>
<logicalDatatype>LOGDT025</logicalDatatype>
<dataTypeSize>100 CHAR</dataTypeSize>
<ownDataTypeParameters>100 CHAR,,</ownDataTypeParameters>
</Attribute>
</attributes>
<identifiers itemClass="oracle.dbtools.crest.model.design.logical.CandidateKey">
<identifier id="2D58812D-9840-D210-E7DE-482AF1164F91" name="DIAGNOSTICO PK">
<createdBy>nrivera</createdBy>
<createdTime>2025-09-15 17:34:52 UTC</createdTime>
<ownerDesignName>Sumativa_2</ownerDesignName>
<shouldEngineer>false</shouldEngineer>
<engineerTo>
<item key="479F9C62-D3B0-7A2A-E200-DF329A31F2EB" value="false"/>
</engineerTo>
<pk>true</pk>
<usedAttributes>
<attributeRef>6C6D86DF-1155-FDB3-64A9-D19214B10A75</attributeRef>
</usedAttributes>
</identifier>
</identifiers>
</Entity>