<?xml version = '1.0' encoding = 'UTF-8'?>
<Entity class="oracle.dbtools.crest.model.design.logical.Entity" directorySegmentName="seg_0" id="8B898391-1618-673D-577B-9E6745943A8F" name="TRANSFERENCIA">
<createdBy>nrivera</createdBy>
<createdTime>2025-09-15 17:44:17 UTC</createdTime>
<ownerDesignName>Sumativa_2</ownerDesignName>
<engineerTo>
<item key="479F9C62-D3B0-7A2A-E200-DF329A31F2EB" value="true"/>
</engineerTo>
<adequatelyNormalized>NO</adequatelyNormalized>
<expectedVolumes>0</expectedVolumes>
<fwdEngineeringStrategyName>Single Table</fwdEngineeringStrategyName>
<growthPercent>0</growthPercent>
<growthType>Year</growthType>
<hierarchicalParent>7353DC78-6DC1-37FA-B669-D6B6823B0C2C</hierarchicalParent>
<maxVolumes>9999999</maxVolumes>
<minVolumes>0</minVolumes>
<normalForm>Third</normalForm>
<attributes itemClass="oracle.dbtools.crest.model.design.logical.Attribute">
<Attribute name="id_transferencia" id="D0DF5AA2-97AB-55D1-EC8F-90B256BDD752">
<createdBy>nrivera</createdBy>
<createdTime>2025-09-15 17:45:06 UTC</createdTime>
<ownerDesignName>Sumativa_2</ownerDesignName>
<engineerTo>
<item key="479F9C62-D3B0-7A2A-E200-DF329A31F2EB" value="true"/>
</engineerTo>
<useDomainConstraints>false</useDomainConstraints>
<use>1</use>
<logicalDatatype>LOGDT011</logicalDatatype>
<ownDataTypeParameters>,,</ownDataTypeParameters>
</Attribute>
<Attribute name="rut_origen" id="0A1B37D8-4C10-2416-A82E-FF696F844857">
<createdBy>nrivera</createdBy>
<createdTime>2025-09-15 17:45:26 UTC</createdTime>
<ownerDesignName>Sumativa_2</ownerDesignName>
<engineerTo>
<item key="479F9C62-D3B0-7A2A-E200-DF329A31F2EB" value="true"/>
</engineerTo>
<useDomainConstraints>false</useDomainConstraints>
<use>1</use>
<logicalDatatype>LOGDT025</logicalDatatype>
<dataTypeSize>13 CHAR</dataTypeSize>
<ownDataTypeParameters>13 CHAR,,</ownDataTypeParameters>
</Attribute>
<Attribute name="rut_destino" id="8762382C-085F-BB43-8E39-829649B06A34">
<createdBy>nrivera</createdBy>
<createdTime>2025-09-15 17:46:05 UTC</createdTime>
<ownerDesignName>Sumativa_2</ownerDesignName>
<engineerTo>
<item key="479F9C62-D3B0-7A2A-E200-DF329A31F2EB" value="true"/>
</engineerTo>
<useDomainConstraints>false</useDomainConstraints>
<use>1</use>
<logicalDatatype>LOGDT025</logicalDatatype>
<dataTypeSize>13 CHAR</dataTypeSize>
<ownDataTypeParameters>13 CHAR,,</ownDataTypeParameters>
</Attribute>
<Attribute name="cuenta_origen" id="ED7D3EFA-9ABC-9C5D-2953-1272061981DE">
<createdBy>nrivera</createdBy>
<createdTime>2025-09-15 17:46:24 UTC</createdTime>
<ownerDesignName>Sumativa_2</ownerDesignName>
<engineerTo>
<item key="479F9C62-D3B0-7A2A-E200-DF329A31F2EB" value="true"/>
</engineerTo>
<useDomainConstraints>false</useDomainConstraints>
<use>1</use>
<logicalDatatype>LOGDT011</logicalDatatype>
<ownDataTypeParameters>,,</ownDataTypeParameters>
</Attribute>
<Attribute name="cuenta_destino" id="B75958E9-7081-05FE-A653-1865E69F512C">
<createdBy>nrivera</createdBy>
<createdTime>2025-09-15 17:46:49 UTC</createdTime>
<ownerDesignName>Sumativa_2</ownerDesignName>
<engineerTo>
<item key="479F9C62-D3B0-7A2A-E200-DF329A31F2EB" value="true"/>
</engineerTo>
<useDomainConstraints>false</useDomainConstraints>
<use>1</use>
<logicalDatatype>LOGDT011</logicalDatatype>
<ownDataTypeParameters>,,</ownDataTypeParameters>
</Attribute>
</attributes>
<identifiers itemClass="oracle.dbtools.crest.model.design.logical.CandidateKey">
<identifier id="EB078B42-8D2C-99C0-2D2B-9E2625064EA5" name="TRANSFERENCIA PK">
<createdBy>nrivera</createdBy>
<createdTime>2025-09-15 17:45:24 UTC</createdTime>
<ownerDesignName>Sumativa_2</ownerDesignName>
<engineerTo>
<item key="479F9C62-D3B0-7A2A-E200-DF329A31F2EB" value="true"/>
</engineerTo>
<pk>true</pk>
<usedAttributes>
<attributeRef>D0DF5AA2-97AB-55D1-EC8F-90B256BDD752</attributeRef>
</usedAttributes>
</identifier>
</identifiers>
</Entity>