<?xml version = '1.0' encoding = 'UTF-8'?>
<Entity class="oracle.dbtools.crest.model.design.logical.Entity" directorySegmentName="seg_0" id="F0DE8F5F-A24A-6E6B-52AB-D78E6EF3C8D7" name="SOLICITUD_EXAMEN">
<createdBy>nrivera</createdBy>
<createdTime>2025-09-15 18:11:21 UTC</createdTime>
<ownerDesignName>Sumativa_2</ownerDesignName>
<engineerTo>
<item key="479F9C62-D3B0-7A2A-E200-DF329A31F2EB" value="true"/>
</engineerTo>
<adequatelyNormalized>NO</adequatelyNormalized>
<expectedVolumes>0</expectedVolumes>
<fwdEngineeringStrategyName>Single Table</fwdEngineeringStrategyName>
<growthPercent>0</growthPercent>
<growthType>Year</growthType>
<maxVolumes>9999999</maxVolumes>
<minVolumes>0</minVolumes>
<normalForm>Third</normalForm>
<attributes itemClass="oracle.dbtools.crest.model.design.logical.Attribute">
<Attribute name="id_solicitud" id="06467E38-E34A-5881-5286-22A296ADEB9B">
<createdBy>nrivera</createdBy>
<createdTime>2025-09-15 18:11:38 UTC</createdTime>
<ownerDesignName>Sumativa_2</ownerDesignName>
<engineerTo>
<item key="479F9C62-D3B0-7A2A-E200-DF329A31F2EB" value="true"/>
</engineerTo>
<useDomainConstraints>false</useDomainConstraints>
<use>1</use>
<logicalDatatype>LOGDT011</logicalDatatype>
<ownDataTypeParameters>,,</ownDataTypeParameters>
</Attribute>
<Attribute name="fecha_solicitud" id="47F0BF98-84AB-8CF2-53FB-02C645715A22">
<createdBy>nrivera</createdBy>
<createdTime>2025-09-15 18:12:02 UTC</createdTime>
<ownerDesignName>Sumativa_2</ownerDesignName>
<engineerTo>
<item key="479F9C62-D3B0-7A2A-E200-DF329A31F2EB" value="true"/>
</engineerTo>
<useDomainConstraints>false</useDomainConstraints>
<use>1</use>
<logicalDatatype>LOGDT007</logicalDatatype>
<ownDataTypeParameters>,,</ownDataTypeParameters>
</Attribute>
<Attribute name="estado" id="32763E88-40F8-E686-8F9B-8A9E57EF34B8">
<createdBy>nrivera</createdBy>
<createdTime>2025-09-15 18:12:38 UTC</createdTime>
<ownerDesignName>Sumativa_2</ownerDesignName>
<engineerTo>
<item key="479F9C62-D3B0-7A2A-E200-DF329A31F2EB" value="true"/>
</engineerTo>
<useDomainConstraints>false</useDomainConstraints>
<use>1</use>
<logicalDatatype>LOGDT025</logicalDatatype>
<dataTypeSize>50 CHAR</dataTypeSize>
<ownDataTypeParameters>50 CHAR,,</ownDataTypeParameters>
</Attribute>
<Attribute name="id_atencion" id="63BB524C-78F0-8DCF-BB8D-60D118B1D132">
<createdBy>nrivera</createdBy>
<createdTime>2025-09-15 18:14:43 UTC</createdTime>
<generatorID>0C11BA44-E5AF-6285-396F-E579FFB1813B</generatorID>
<ownerDesignName>Sumativa_2</ownerDesignName>
<engineerTo>
<item key="479F9C62-D3B0-7A2A-E200-DF329A31F2EB" value="true"/>
</engineerTo>
<referedAttribute>FFED75A2-65F1-4922-9202-B6A0EEF08FE2</referedAttribute>
<useDomainConstraints>false</useDomainConstraints>
<use>1</use>
<logicalDatatype>LOGDT011</logicalDatatype>
<ownDataTypeParameters>,,</ownDataTypeParameters>
</Attribute>
<Attribute name="id_examen" id="C61CF011-4D88-F5C9-7460-ED7595A4937D">
<createdBy>nrivera</createdBy>
<createdTime>2025-09-15 23:13:28 UTC</createdTime>
<generatorID>A42B50A3-111E-A599-01BB-410E31855ECD</generatorID>
<ownerDesignName>Sumativa_2</ownerDesignName>
<engineerTo>
<item key="479F9C62-D3B0-7A2A-E200-DF329A31F2EB" value="true"/>
</engineerTo>
<referedAttribute>0910E38F-BD43-8CF8-8E0B-63F361B4C142</referedAttribute>
<useDomainConstraints>false</useDomainConstraints>
<use>1</use>
<logicalDatatype>LOGDT011</logicalDatatype>
<ownDataTypeParameters>,,</ownDataTypeParameters>
</Attribute>
</attributes>
<identifiers itemClass="oracle.dbtools.crest.model.design.logical.CandidateKey">
<identifier id="7465FD2F-3C21-13DA-0C6D-7478BE7B52E7" name="SOLICITUD_EXAMEN PK">
<createdBy>nrivera</createdBy>
<createdTime>2025-09-15 18:11:58 UTC</createdTime>
<ownerDesignName>Sumativa_2</ownerDesignName>
<shouldEngineer>false</shouldEngineer>
<engineerTo>
<item key="479F9C62-D3B0-7A2A-E200-DF329A31F2EB" value="false"/>
</engineerTo>
<pk>true</pk>
<usedAttributes>
<attributeRef>06467E38-E34A-5881-5286-22A296ADEB9B</attributeRef>
</usedAttributes>
</identifier>
</identifiers>
</Entity>