<?xml version = '1.0' encoding = 'UTF-8'?>
<Entity class="oracle.dbtools.crest.model.design.logical.Entity" directorySegmentName="seg_0" id="FD69A765-67A0-4A57-B209-4F72C13ADB4D" name="ATENCION_MEDICA">
<createdBy>nrivera</createdBy>
<createdTime>2025-09-15 16:40:25 UTC</createdTime>
<ownerDesignName>Sumativa_2</ownerDesignName>
<engineerTo>
<item key="479F9C62-D3B0-7A2A-E200-DF329A31F2EB" value="true"/>
</engineerTo>
<adequatelyNormalized>NO</adequatelyNormalized>
<expectedVolumes>0</expectedVolumes>
<fwdEngineeringStrategyName>Single Table</fwdEngineeringStrategyName>
<growthPercent>0</growthPercent>
<growthType>Year</growthType>
<maxVolumes>9999999</maxVolumes>
<minVolumes>0</minVolumes>
<normalForm>Third</normalForm>
<attributes itemClass="oracle.dbtools.crest.model.design.logical.Attribute">
<Attribute name="id_atencion" id="FFED75A2-65F1-4922-9202-B6A0EEF08FE2">
<createdBy>nrivera</createdBy>
<createdTime>2025-09-15 16:40:52 UTC</createdTime>
<ownerDesignName>Sumativa_2</ownerDesignName>
<engineerTo>
<item key="479F9C62-D3B0-7A2A-E200-DF329A31F2EB" value="true"/>
</engineerTo>
<useDomainConstraints>false</useDomainConstraints>
<use>1</use>
<logicalDatatype>LOGDT011</logicalDatatype>
<ownDataTypeParameters>,,</ownDataTypeParameters>
</Attribute>
<Attribute name="fecha_atencion" id="610AFAA6-DC19-D559-9908-5F25BC56E863">
<createdBy>nrivera</createdBy>
<createdTime>2025-09-15 16:42:30 UTC</createdTime>
<ownerDesignName>Sumativa_2</ownerDesignName>
<engineerTo>
<item key="479F9C62-D3B0-7A2A-E200-DF329A31F2EB" value="true"/>
</engineerTo>
<useDomainConstraints>false</useDomainConstraints>
<use>1</use>
<logicalDatatype>LOGDT007</logicalDatatype>
<ownDataTypeParameters>,,</ownDataTypeParameters>
</Attribute>
<Attribute name="hora_atencion" id="4213DC7A-44F7-127E-049F-CB0F29279D23">
<createdBy>nrivera</createdBy>
<createdTime>2025-09-15 16:43:00 UTC</createdTime>
<ownerDesignName>Sumativa_2</ownerDesignName>
<engineerTo>
<item key="479F9C62-D3B0-7A2A-E200-DF329A31F2EB" value="true"/>
</engineerTo>
<useDomainConstraints>false</useDomainConstraints>
<use>1</use>
<logicalDatatype>LOGDT014</logicalDatatype>
<ownDataTypeParameters>,,</ownDataTypeParameters>
</Attribute>
<Attribute name="tipo" id="597E841F-917D-19F0-F0CB-7C61EC64E98E">
<createdBy>nrivera</createdBy>
<createdTime>2025-09-15 16:50:05 UTC</createdTime>
<ownerDesignName>Sumativa_2</ownerDesignName>
<engineerTo>
<item key="479F9C62-D3B0-7A2A-E200-DF329A31F2EB" value="true"/>
</engineerTo>
<useDomainConstraints>false</useDomainConstraints>
<use>1</use>
<logicalDatatype>LOGDT025</logicalDatatype>
<dataTypeSize>50 CHAR</dataTypeSize>
<ownDataTypeParameters>50 CHAR,,</ownDataTypeParameters>
</Attribute>
<Attribute name="monto_pagado" id="EA650DDE-4C3E-5D2B-D8C4-802C7ABE2A98">
<createdBy>nrivera</createdBy>
<createdTime>2025-09-15 16:50:59 UTC</createdTime>
<ownerDesignName>Sumativa_2</ownerDesignName>
<engineerTo>
<item key="479F9C62-D3B0-7A2A-E200-DF329A31F2EB" value="true"/>
</engineerTo>
<useDomainConstraints>false</useDomainConstraints>
<use>1</use>
<logicalDatatype>LOGDT011</logicalDatatype>
<ownDataTypeParameters>,,</ownDataTypeParameters>
</Attribute>
<Attribute name="rut" id="35F799FD-629E-1DDC-CE01-58B0E7D2A8BA">
<createdBy>nrivera</createdBy>
<createdTime>2025-09-15 17:54:13 UTC</createdTime>
<generatorID>D5F01D73-D70A-BE91-8B94-64CD501D43D4</generatorID>
<ownerDesignName>Sumativa_2</ownerDesignName>
<engineerTo>
<item key="479F9C62-D3B0-7A2A-E200-DF329A31F2EB" value="true"/>
</engineerTo>
<referedAttribute>CB91B766-BC04-EB0B-C275-F7AB54AA0A7C</referedAttribute>
<useDomainConstraints>false</useDomainConstraints>
<use>1</use>
<logicalDatatype>LOGDT025</logicalDatatype>
<ownDataTypeParameters>,,</ownDataTypeParameters>
</Attribute>
<Attribute name="id_paciente" id="F57130F2-9E9D-CCAE-8ED0-936C3B23D5D7">
<createdBy>nrivera</createdBy>
<createdTime>2025-09-15 17:54:13 UTC</createdTime>
<generatorID>D5F01D73-D70A-BE91-8B94-64CD501D43D4</generatorID>
<ownerDesignName>Sumativa_2</ownerDesignName>
<engineerTo>
<item key="479F9C62-D3B0-7A2A-E200-DF329A31F2EB" value="true"/>
</engineerTo>
<referedAttribute>280A1FBE-D3C3-D18B-F353-67ED43F35F38</referedAttribute>
<useDomainConstraints>false</useDomainConstraints>
<use>1</use>
<logicalDatatype>LOGDT011</logicalDatatype>
<ownDataTypeParameters>,,</ownDataTypeParameters>
</Attribute>
<Attribute name="id_pago" id="3B87703F-279A-D75E-3C2C-AF6CEAE4C0FB">
<createdBy>nrivera</createdBy>
<createdTime>2025-09-15 17:57:58 UTC</createdTime>
<generatorID>9B00CBD4-4345-0FE9-B53C-0C1FAC127828</generatorID>
<ownerDesignName>Sumativa_2</ownerDesignName>
<engineerTo>
<item key="479F9C62-D3B0-7A2A-E200-DF329A31F2EB" value="true"/>
</engineerTo>
<referedAttribute>5DCDAA07-E281-FB0C-31CD-AE11B39CB12E</referedAttribute>
<useDomainConstraints>false</useDomainConstraints>
<use>1</use>
<logicalDatatype>LOGDT011</logicalDatatype>
<ownDataTypeParameters>,,</ownDataTypeParameters>
</Attribute>
</attributes>
<identifiers itemClass="oracle.dbtools.crest.model.design.logical.CandidateKey">
<identifier id="20C6D74B-DF9F-A735-3385-A9ABFAC32C84" name="ATENCION_MEDICA PK">
<createdBy>nrivera</createdBy>
<createdTime>2025-09-15 16:42:06 UTC</createdTime>
<ownerDesignName>Sumativa_2</ownerDesignName>
<shouldEngineer>false</shouldEngineer>
<engineerTo>
<item key="479F9C62-D3B0-7A2A-E200-DF329A31F2EB" value="false"/>
</engineerTo>
<pk>true</pk>
<usedAttributes>
<attributeRef>FFED75A2-65F1-4922-9202-B6A0EEF08FE2</attributeRef>
</usedAttributes>
</identifier>
</identifiers>
</Entity>