<?xml version = '1.0' encoding = 'UTF-8'?>
<Entity class="oracle.dbtools.crest.model.design.logical.Entity" directorySegmentName="seg_0" id="2031F20E-E995-49ED-D63E-2E6FC69DB73B" name="CAMA">
<createdBy>nrivera</createdBy>
<createdTime>2025-08-31 20:31:27 UTC</createdTime>
<ownerDesignName>Residencia</ownerDesignName>
<engineerTo>
<item key="99E086AB-8155-186E-860F-FC6076F55C85" value="true"/>
</engineerTo>
<adequatelyNormalized>NO</adequatelyNormalized>
<expectedVolumes>0</expectedVolumes>
<fwdEngineeringStrategyName>Single Table</fwdEngineeringStrategyName>
<growthPercent>0</growthPercent>
<growthType>Year</growthType>
<maxVolumes>9999999</maxVolumes>
<minVolumes>0</minVolumes>
<normalForm>Third</normalForm>
<attributes itemClass="oracle.dbtools.crest.model.design.logical.Attribute">
<Attribute name="id_cama" id="1D0DE239-00D1-1F8B-00F1-DA85A888EDD7">
<createdBy>nrivera</createdBy>
<createdTime>2025-08-31 20:44:35 UTC</createdTime>
<ownerDesignName>Residencia</ownerDesignName>
<engineerTo>
<item key="99E086AB-8155-186E-860F-FC6076F55C85" value="true"/>
</engineerTo>
<useDomainConstraints>false</useDomainConstraints>
<use>1</use>
<logicalDatatype>LOGDT011</logicalDatatype>
<ownDataTypeParameters>,,</ownDataTypeParameters>
</Attribute>
<Attribute name="codigo" id="A3ABF3A8-B57B-D394-024D-F31174CF0F8C">
<createdBy>nrivera</createdBy>
<createdTime>2025-08-31 20:49:13 UTC</createdTime>
<commentInRDBMS><![CDATA[C1,C2 ect]]></commentInRDBMS>
<ownerDesignName>Residencia</ownerDesignName>
<engineerTo>
<item key="99E086AB-8155-186E-860F-FC6076F55C85" value="true"/>
</engineerTo>
<useDomainConstraints>false</useDomainConstraints>
<use>1</use>
<logicalDatatype>LOGDT024</logicalDatatype>
<dataTypeSize>5 CHAR</dataTypeSize>
<ownDataTypeParameters>5 CHAR,,</ownDataTypeParameters>
</Attribute>
<Attribute name="estado" id="27178EBB-3A2B-9878-4C0D-2AFD346D1684">
<createdBy>nrivera</createdBy>
<createdTime>2025-08-31 20:46:41 UTC</createdTime>
<ownerDesignName>Residencia</ownerDesignName>
<engineerTo>
<item key="99E086AB-8155-186E-860F-FC6076F55C85" value="true"/>
</engineerTo>
<useDomainConstraints>false</useDomainConstraints>
<use>1</use>
<logicalDatatype>LOGDT024</logicalDatatype>
<dataTypeSize>20</dataTypeSize>
<ownDataTypeParameters>20,,</ownDataTypeParameters>
</Attribute>
<Attribute name="id_habitacion" id="67F9CA08-8C63-19AB-582E-3263D57A17BF">
<createdBy>nrivera</createdBy>
<createdTime>2025-09-01 00:50:28 UTC</createdTime>
<generatorID>6AD809FF-DA2C-BE0D-C6A0-C9FE8C36AB81</generatorID>
<ownerDesignName>Residencia</ownerDesignName>
<engineerTo>
<item key="99E086AB-8155-186E-860F-FC6076F55C85" value="true"/>
</engineerTo>
<referedAttribute>88CFCEDC-FEB5-FFAE-3C27-BC1F7FC52606</referedAttribute>
<useDomainConstraints>false</useDomainConstraints>
<use>1</use>
<logicalDatatype>LOGDT011</logicalDatatype>
<ownDataTypeParameters>,,</ownDataTypeParameters>
</Attribute>
</attributes>
<identifiers itemClass="oracle.dbtools.crest.model.design.logical.CandidateKey">
<identifier id="324EDEAE-C05D-E90F-03BA-60A7045C3662" name="CAMA PK">
<createdBy>nrivera</createdBy>
<createdTime>2025-09-01 00:34:25 UTC</createdTime>
<ownerDesignName>Residencia</ownerDesignName>
<engineerTo>
<item key="99E086AB-8155-186E-860F-FC6076F55C85" value="true"/>
</engineerTo>
<pk>true</pk>
<usedAttributes>
<attributeRef>1D0DE239-00D1-1F8B-00F1-DA85A888EDD7</attributeRef>
</usedAttributes>
</identifier>
</identifiers>
</Entity>