<?xml version = '1.0' encoding = 'UTF-8'?>
<Entity class="oracle.dbtools.crest.model.design.logical.Entity" directorySegmentName="seg_0" id="34F4CC09-7314-F19E-0051-1118FC659E16" name="COMUNA">
<createdBy>nrivera</createdBy>
<createdTime>2025-08-31 18:31:54 UTC</createdTime>
<ownerDesignName>Residencia</ownerDesignName>
<engineerTo>
<item key="99E086AB-8155-186E-860F-FC6076F55C85" value="true"/>
</engineerTo>
<adequatelyNormalized>NO</adequatelyNormalized>
<expectedVolumes>0</expectedVolumes>
<fwdEngineeringStrategyName>Single Table</fwdEngineeringStrategyName>
<growthPercent>0</growthPercent>
<growthType>Year</growthType>
<maxVolumes>9999999</maxVolumes>
<minVolumes>0</minVolumes>
<normalForm>Third</normalForm>
<attributes itemClass="oracle.dbtools.crest.model.design.logical.Attribute">
<Attribute name="id_comuna" id="16B1EFE4-BEED-B85F-B96B-1CA4D793D961">
<createdBy>nrivera</createdBy>
<createdTime>2025-08-31 21:03:12 UTC</createdTime>
<ownerDesignName>Residencia</ownerDesignName>
<engineerTo>
<item key="99E086AB-8155-186E-860F-FC6076F55C85" value="true"/>
</engineerTo>
<useDomainConstraints>false</useDomainConstraints>
<use>1</use>
<logicalDatatype>LOGDT011</logicalDatatype>
<ownDataTypeParameters>,,</ownDataTypeParameters>
</Attribute>
<Attribute name="nombre" id="C263B2E9-7802-72F6-FF37-C82068F407E7">
<createdBy>nrivera</createdBy>
<createdTime>2025-08-31 21:03:30 UTC</createdTime>
<ownerDesignName>Residencia</ownerDesignName>
<engineerTo>
<item key="99E086AB-8155-186E-860F-FC6076F55C85" value="true"/>
</engineerTo>
<useDomainConstraints>false</useDomainConstraints>
<use>1</use>
<logicalDatatype>LOGDT024</logicalDatatype>
<dataTypeSize>50 CHAR</dataTypeSize>
<ownDataTypeParameters>50 CHAR,,</ownDataTypeParameters>
</Attribute>
<Attribute name="id_region" id="F381F660-6431-E386-2C54-4F0EAED3C393">
<createdBy>nrivera</createdBy>
<createdTime>2025-08-31 22:36:32 UTC</createdTime>
<generatorID>C30DA20E-0F9A-2A5F-5853-93662AB02607</generatorID>
<ownerDesignName>Residencia</ownerDesignName>
<engineerTo>
<item key="99E086AB-8155-186E-860F-FC6076F55C85" value="true"/>
</engineerTo>
<referedAttribute>88E2F4C0-B550-8CBC-6359-6BD33DC6DF12</referedAttribute>
<useDomainConstraints>false</useDomainConstraints>
<use>1</use>
<logicalDatatype>LOGDT011</logicalDatatype>
<ownDataTypeParameters>,,</ownDataTypeParameters>
</Attribute>
</attributes>
<identifiers itemClass="oracle.dbtools.crest.model.design.logical.CandidateKey">
<identifier id="733A030E-268F-AF45-7174-29016AB0BCF1" name="COMUNA PK">
<createdBy>nrivera</createdBy>
<createdTime>2025-08-31 21:03:24 UTC</createdTime>
<ownerDesignName>Residencia</ownerDesignName>
<engineerTo>
<item key="99E086AB-8155-186E-860F-FC6076F55C85" value="true"/>
</engineerTo>
<pk>true</pk>
<usedAttributes>
<attributeRef>16B1EFE4-BEED-B85F-B96B-1CA4D793D961</attributeRef>
</usedAttributes>
</identifier>
</identifiers>
</Entity>