<?xml version = '1.0' encoding = 'UTF-8'?>
<Entity class="oracle.dbtools.crest.model.design.logical.Entity" directorySegmentName="seg_0" id="5479D642-7C7B-6B79-F648-EAF93B11A6C1" name="HABITACION">
<createdBy>nrivera</createdBy>
<createdTime>2025-08-31 18:35:17 UTC</createdTime>
<ownerDesignName>Residencia</ownerDesignName>
<engineerTo>
<item key="99E086AB-8155-186E-860F-FC6076F55C85" value="true"/>
</engineerTo>
<adequatelyNormalized>NO</adequatelyNormalized>
<expectedVolumes>0</expectedVolumes>
<fwdEngineeringStrategyName>Single Table</fwdEngineeringStrategyName>
<growthPercent>0</growthPercent>
<growthType>Year</growthType>
<maxVolumes>9999999</maxVolumes>
<minVolumes>0</minVolumes>
<normalForm>Third</normalForm>
<attributes itemClass="oracle.dbtools.crest.model.design.logical.Attribute">
<Attribute name="id_habitacion" id="88CFCEDC-FEB5-FFAE-3C27-BC1F7FC52606">
<createdBy>nrivera</createdBy>
<createdTime>2025-08-31 18:35:32 UTC</createdTime>
<ownerDesignName>Residencia</ownerDesignName>
<engineerTo>
<item key="99E086AB-8155-186E-860F-FC6076F55C85" value="true"/>
</engineerTo>
<useDomainConstraints>false</useDomainConstraints>
<use>1</use>
<logicalDatatype>LOGDT011</logicalDatatype>
<ownDataTypeParameters>,,</ownDataTypeParameters>
</Attribute>
<Attribute name="numero" id="72747361-D759-F848-8484-C7AED1297FF3">
<createdBy>nrivera</createdBy>
<createdTime>2025-08-31 20:51:27 UTC</createdTime>
<ownerDesignName>Residencia</ownerDesignName>
<engineerTo>
<item key="99E086AB-8155-186E-860F-FC6076F55C85" value="true"/>
</engineerTo>
<useDomainConstraints>false</useDomainConstraints>
<use>1</use>
<logicalDatatype>LOGDT011</logicalDatatype>
<ownDataTypeParameters>,,</ownDataTypeParameters>
</Attribute>
<Attribute name="tipo" id="67FD0FA9-37DB-7568-DADF-D75E347DE04D">
<createdBy>nrivera</createdBy>
<createdTime>2025-08-31 20:32:31 UTC</createdTime>
<commentInRDBMS><![CDATA[individual/compartida]]></commentInRDBMS>
<ownerDesignName>Residencia</ownerDesignName>
<engineerTo>
<item key="99E086AB-8155-186E-860F-FC6076F55C85" value="true"/>
</engineerTo>
<useDomainConstraints>false</useDomainConstraints>
<use>1</use>
<logicalDatatype>LOGDT024</logicalDatatype>
<dataTypeSize>15 CHAR</dataTypeSize>
<ownDataTypeParameters>15 CHAR,,</ownDataTypeParameters>
</Attribute>
<Attribute name="tarifa_base" id="011D04B6-A8B4-0168-0FF4-62BA4E0899FF">
<createdBy>nrivera</createdBy>
<createdTime>2025-08-31 20:35:51 UTC</createdTime>
<ownerDesignName>Residencia</ownerDesignName>
<engineerTo>
<item key="99E086AB-8155-186E-860F-FC6076F55C85" value="true"/>
</engineerTo>
<useDomainConstraints>false</useDomainConstraints>
<use>1</use>
<logicalDatatype>LOGDT019</logicalDatatype>
<dataTypePrecision>10</dataTypePrecision>
<ownDataTypeParameters>,10,</ownDataTypeParameters>
</Attribute>
<Attribute name="estado" id="E312C395-E1EF-745D-7A1F-1FC43C6C12CB">
<createdBy>nrivera</createdBy>
<createdTime>2025-08-31 20:45:27 UTC</createdTime>
<ownerDesignName>Residencia</ownerDesignName>
<engineerTo>
<item key="99E086AB-8155-186E-860F-FC6076F55C85" value="true"/>
</engineerTo>
<useDomainConstraints>false</useDomainConstraints>
<use>1</use>
<logicalDatatype>LOGDT024</logicalDatatype>
<dataTypeSize>20</dataTypeSize>
<ownDataTypeParameters>20,,</ownDataTypeParameters>
</Attribute>
<Attribute name="id_residencia" id="1432732E-6FF0-35B6-1541-AE306CC2BC12">
<createdBy>nrivera</createdBy>
<createdTime>2025-09-01 00:14:14 UTC</createdTime>
<generatorID>F5FC008A-5014-77E7-8B52-1770DAD6F499</generatorID>
<ownerDesignName>Residencia</ownerDesignName>
<engineerTo>
<item key="99E086AB-8155-186E-860F-FC6076F55C85" value="true"/>
</engineerTo>
<referedAttribute>3BFBA562-BC0E-CB80-04E2-D5AA94265133</referedAttribute>
<useDomainConstraints>false</useDomainConstraints>
<use>1</use>
<logicalDatatype>LOGDT011</logicalDatatype>
<ownDataTypeParameters>,,</ownDataTypeParameters>
</Attribute>
</attributes>
<identifiers itemClass="oracle.dbtools.crest.model.design.logical.CandidateKey">
<identifier id="DB98ACF6-D7D4-5273-74FF-E58A07B006B2" name="HABITACION PK">
<createdBy>nrivera</createdBy>
<createdTime>2025-08-31 18:35:59 UTC</createdTime>
<ownerDesignName>Residencia</ownerDesignName>
<engineerTo>
<item key="99E086AB-8155-186E-860F-FC6076F55C85" value="true"/>
</engineerTo>
<pk>true</pk>
<usedAttributes>
<attributeRef>88CFCEDC-FEB5-FFAE-3C27-BC1F7FC52606</attributeRef>
</usedAttributes>
</identifier>
</identifiers>
</Entity>