<?xml version = '1.0' encoding = 'UTF-8'?>
<Entity class="oracle.dbtools.crest.model.design.logical.Entity" directorySegmentName="seg_0" id="62340427-52F4-D404-ED4F-0F4175658327" name="ANEXO">
<createdBy>nrivera</createdBy>
<createdTime>2025-08-31 21:50:58 UTC</createdTime>
<ownerDesignName>Residencia</ownerDesignName>
<engineerTo>
<item key="99E086AB-8155-186E-860F-FC6076F55C85" value="true"/>
</engineerTo>
<adequatelyNormalized>NO</adequatelyNormalized>
<expectedVolumes>0</expectedVolumes>
<fwdEngineeringStrategyName>Single Table</fwdEngineeringStrategyName>
<growthPercent>0</growthPercent>
<growthType>Year</growthType>
<maxVolumes>9999999</maxVolumes>
<minVolumes>0</minVolumes>
<normalForm>Third</normalForm>
<attributes itemClass="oracle.dbtools.crest.model.design.logical.Attribute">
<Attribute name="id_anexo" id="A71DE13B-B04B-22AE-08E5-DDDCCCA2D4CF">
<createdBy>nrivera</createdBy>
<createdTime>2025-08-31 21:52:16 UTC</createdTime>
<ownerDesignName>Residencia</ownerDesignName>
<engineerTo>
<item key="99E086AB-8155-186E-860F-FC6076F55C85" value="true"/>
</engineerTo>
<useDomainConstraints>false</useDomainConstraints>
<use>1</use>
<logicalDatatype>LOGDT011</logicalDatatype>
<ownDataTypeParameters>,,</ownDataTypeParameters>
</Attribute>
<Attribute name="fecha_entrada" directorySegmentName="seg_0" id="340AF9A1-FB28-3F39-1F6C-CAFD3000EC8E">
<createdBy>nrivera</createdBy>
<createdTime>2025-08-31 21:55:30 UTC</createdTime>
<ownerDesignName>Residencia</ownerDesignName>
<engineerTo>
<item key="99E086AB-8155-186E-860F-FC6076F55C85" value="true"/>
</engineerTo>
<useDomainConstraints>false</useDomainConstraints>
<use>1</use>
<logicalDatatype>LOGDT007</logicalDatatype>
<ownDataTypeParameters>,,</ownDataTypeParameters>
</Attribute>
<Attribute name="fecha_salida" directorySegmentName="seg_0" id="7BAC41EB-53EE-DDF0-42B7-B122E11615A3">
<createdBy>nrivera</createdBy>
<createdTime>2025-08-31 21:55:40 UTC</createdTime>
<ownerDesignName>Residencia</ownerDesignName>
<engineerTo>
<item key="99E086AB-8155-186E-860F-FC6076F55C85" value="true"/>
</engineerTo>
<nullsAllowed>true</nullsAllowed>
<useDomainConstraints>false</useDomainConstraints>
<use>1</use>
<logicalDatatype>LOGDT007</logicalDatatype>
<ownDataTypeParameters>,,</ownDataTypeParameters>
</Attribute>
<Attribute name="observaciones" id="6BF502FD-02BA-6CDE-19C7-24C6DCDEBDE7">
<createdBy>nrivera</createdBy>
<createdTime>2025-08-31 22:33:19 UTC</createdTime>
<ownerDesignName>Residencia</ownerDesignName>
<engineerTo>
<item key="99E086AB-8155-186E-860F-FC6076F55C85" value="true"/>
</engineerTo>
<nullsAllowed>true</nullsAllowed>
<useDomainConstraints>false</useDomainConstraints>
<use>1</use>
<logicalDatatype>LOGDT024</logicalDatatype>
<dataTypeSize>100 CHAR</dataTypeSize>
<ownDataTypeParameters>100 CHAR,,</ownDataTypeParameters>
</Attribute>
<Attribute name="id_residente" id="903E1A24-DC0C-1DA1-9A5F-0AC65FDBCAFB">
<createdBy>nrivera</createdBy>
<createdTime>2025-09-01 00:48:55 UTC</createdTime>
<generatorID>88641581-B754-6266-9F36-025C003FD5C5</generatorID>
<ownerDesignName>Residencia</ownerDesignName>
<engineerTo>
<item key="99E086AB-8155-186E-860F-FC6076F55C85" value="true"/>
</engineerTo>
<referedAttribute>44F65B9E-33FE-E7A1-0A5C-614EF8302156</referedAttribute>
<useDomainConstraints>false</useDomainConstraints>
<use>1</use>
<logicalDatatype>LOGDT011</logicalDatatype>
<ownDataTypeParameters>,,</ownDataTypeParameters>
</Attribute>
<Attribute name="id_contrato" id="3FCA1EBC-A3C0-C084-6F1F-2BEF3D6FBB96">
<createdBy>nrivera</createdBy>
<createdTime>2025-09-01 01:03:17 UTC</createdTime>
<generatorID>19ED17A4-E802-29A6-4E5F-BD5E1A0206FB</generatorID>
<ownerDesignName>Residencia</ownerDesignName>
<engineerTo>
<item key="99E086AB-8155-186E-860F-FC6076F55C85" value="true"/>
</engineerTo>
<referedAttribute>6780E42E-B89A-4704-6F43-3A667CFD2652</referedAttribute>
<useDomainConstraints>false</useDomainConstraints>
<use>1</use>
<logicalDatatype>LOGDT011</logicalDatatype>
<ownDataTypeParameters>,,</ownDataTypeParameters>
</Attribute>
</attributes>
<identifiers itemClass="oracle.dbtools.crest.model.design.logical.CandidateKey">
<identifier id="47E14902-469B-1150-1E3B-DC98CDBA388B" name="ANEXO PK">
<createdBy>nrivera</createdBy>
<createdTime>2025-08-31 21:52:36 UTC</createdTime>
<ownerDesignName>Residencia</ownerDesignName>
<engineerTo>
<item key="99E086AB-8155-186E-860F-FC6076F55C85" value="true"/>
</engineerTo>
<pk>true</pk>
<usedAttributes>
<attributeRef>A71DE13B-B04B-22AE-08E5-DDDCCCA2D4CF</attributeRef>
</usedAttributes>
</identifier>
</identifiers>
</Entity>