<?xml version = '1.0' encoding = 'UTF-8'?>
<Entity class="oracle.dbtools.crest.model.design.logical.Entity" directorySegmentName="seg_0" id="6E56E823-4EE2-16C3-3BB9-419C57A27BF5" name="RESIDENTE">
<createdBy>nrivera</createdBy>
<createdTime>2025-08-31 20:07:31 UTC</createdTime>
<ownerDesignName>Residencia</ownerDesignName>
<engineerTo>
<item key="99E086AB-8155-186E-860F-FC6076F55C85" value="true"/>
</engineerTo>
<adequatelyNormalized>NO</adequatelyNormalized>
<expectedVolumes>0</expectedVolumes>
<fwdEngineeringStrategyName>Single Table</fwdEngineeringStrategyName>
<growthPercent>0</growthPercent>
<growthType>Year</growthType>
<maxVolumes>9999999</maxVolumes>
<minVolumes>0</minVolumes>
<normalForm>Third</normalForm>
<attributes itemClass="oracle.dbtools.crest.model.design.logical.Attribute">
<Attribute name="id_residente" id="44F65B9E-33FE-E7A1-0A5C-614EF8302156">
<createdBy>nrivera</createdBy>
<createdTime>2025-08-31 20:52:46 UTC</createdTime>
<ownerDesignName>Residencia</ownerDesignName>
<engineerTo>
<item key="99E086AB-8155-186E-860F-FC6076F55C85" value="true"/>
</engineerTo>
<useDomainConstraints>false</useDomainConstraints>
<use>1</use>
<logicalDatatype>LOGDT011</logicalDatatype>
<ownDataTypeParameters>,,</ownDataTypeParameters>
</Attribute>
<Attribute name="rut" id="9E35B38A-C027-5ED8-A777-21C969117A2A">
<createdBy>nrivera</createdBy>
<createdTime>2025-08-31 21:22:45 UTC</createdTime>
<ownerDesignName>Residencia</ownerDesignName>
<engineerTo>
<item key="99E086AB-8155-186E-860F-FC6076F55C85" value="true"/>
</engineerTo>
<useDomainConstraints>false</useDomainConstraints>
<use>1</use>
<logicalDatatype>LOGDT024</logicalDatatype>
<dataTypeSize>13 CHAR</dataTypeSize>
<ownDataTypeParameters>13 CHAR,,</ownDataTypeParameters>
</Attribute>
<Attribute name="nombre" id="B8896ED6-93CE-C3A2-E2C3-6C7196CC5835">
<createdBy>nrivera</createdBy>
<createdTime>2025-08-31 21:01:19 UTC</createdTime>
<ownerDesignName>Residencia</ownerDesignName>
<engineerTo>
<item key="99E086AB-8155-186E-860F-FC6076F55C85" value="true"/>
</engineerTo>
<useDomainConstraints>false</useDomainConstraints>
<use>1</use>
<logicalDatatype>LOGDT024</logicalDatatype>
<dataTypeSize>50 CHAR</dataTypeSize>
<ownDataTypeParameters>50 CHAR,,</ownDataTypeParameters>
</Attribute>
<Attribute name="fecha_de_nacimiento" id="09F03198-1DEF-E9A5-D52A-6066162C6FE1">
<createdBy>nrivera</createdBy>
<createdTime>2025-08-31 22:12:51 UTC</createdTime>
<ownerDesignName>Residencia</ownerDesignName>
<engineerTo>
<item key="99E086AB-8155-186E-860F-FC6076F55C85" value="true"/>
</engineerTo>
<useDomainConstraints>false</useDomainConstraints>
<use>1</use>
<logicalDatatype>LOGDT007</logicalDatatype>
<ownDataTypeParameters>,,</ownDataTypeParameters>
</Attribute>
<Attribute name="num_telefono" id="0F26D73F-76E6-6248-053E-78F7A7CB7A36">
<createdBy>nrivera</createdBy>
<createdTime>2025-09-01 01:15:27 UTC</createdTime>
<ownerDesignName>Residencia</ownerDesignName>
<engineerTo>
<item key="99E086AB-8155-186E-860F-FC6076F55C85" value="true"/>
</engineerTo>
<useDomainConstraints>false</useDomainConstraints>
<use>1</use>
<logicalDatatype>LOGDT024</logicalDatatype>
<dataTypeSize>12 CHAR</dataTypeSize>
<ownDataTypeParameters>12 CHAR,,</ownDataTypeParameters>
</Attribute>
<Attribute name="tipo" id="77CA3806-8F41-99F3-AD07-49F3EAB99F37">
<createdBy>nrivera</createdBy>
<createdTime>2025-08-31 20:53:49 UTC</createdTime>
<commentInRDBMS><![CDATA[temporal/permanente]]></commentInRDBMS>
<ownerDesignName>Residencia</ownerDesignName>
<engineerTo>
<item key="99E086AB-8155-186E-860F-FC6076F55C85" value="true"/>
</engineerTo>
<useDomainConstraints>false</useDomainConstraints>
<use>1</use>
<logicalDatatype>LOGDT024</logicalDatatype>
<dataTypeSize>15 CHAR</dataTypeSize>
<ownDataTypeParameters>15 CHAR,,</ownDataTypeParameters>
</Attribute>
<Attribute name="id_residencia" id="896496A3-140F-182C-B551-09DDE8F25A20">
<createdBy>nrivera</createdBy>
<createdTime>2025-08-31 22:45:28 UTC</createdTime>
<generatorID>15DB23EE-7D90-452D-5322-D1C3200A5814</generatorID>
<ownerDesignName>Residencia</ownerDesignName>
<engineerTo>
<item key="99E086AB-8155-186E-860F-FC6076F55C85" value="true"/>
</engineerTo>
<referedAttribute>3BFBA562-BC0E-CB80-04E2-D5AA94265133</referedAttribute>
<useDomainConstraints>false</useDomainConstraints>
<use>1</use>
<logicalDatatype>LOGDT011</logicalDatatype>
<ownDataTypeParameters>,,</ownDataTypeParameters>
</Attribute>
</attributes>
<identifiers itemClass="oracle.dbtools.crest.model.design.logical.CandidateKey">
<identifier id="203A1E71-EB1B-8D39-6AA1-4F23FA6EBBE1" name="RESIDENTE PK">
<createdBy>nrivera</createdBy>
<createdTime>2025-08-31 20:52:52 UTC</createdTime>
<ownerDesignName>Residencia</ownerDesignName>
<engineerTo>
<item key="99E086AB-8155-186E-860F-FC6076F55C85" value="true"/>
</engineerTo>
<pk>true</pk>
<usedAttributes>
<attributeRef>44F65B9E-33FE-E7A1-0A5C-614EF8302156</attributeRef>
</usedAttributes>
</identifier>
</identifiers>
</Entity>