<?xml version = '1.0' encoding = 'UTF-8'?>
<Entity class="oracle.dbtools.crest.model.design.logical.Entity" directorySegmentName="seg_0" id="A82B3D23-CBD1-106D-3282-D1FC7CF6E5EF" name="PERSONAL">
<createdBy>nrivera</createdBy>
<createdTime>2025-08-31 20:19:28 UTC</createdTime>
<ownerDesignName>Residencia</ownerDesignName>
<engineerTo>
<item key="99E086AB-8155-186E-860F-FC6076F55C85" value="true"/>
</engineerTo>
<adequatelyNormalized>NO</adequatelyNormalized>
<expectedVolumes>0</expectedVolumes>
<fwdEngineeringStrategyName>Single Table</fwdEngineeringStrategyName>
<growthPercent>0</growthPercent>
<growthType>Year</growthType>
<maxVolumes>9999999</maxVolumes>
<minVolumes>0</minVolumes>
<normalForm>Third</normalForm>
<attributes itemClass="oracle.dbtools.crest.model.design.logical.Attribute">
<Attribute name="id_personal" id="986A78FA-E857-201B-2833-5A279C27A16B">
<createdBy>nrivera</createdBy>
<createdTime>2025-08-31 20:55:57 UTC</createdTime>
<ownerDesignName>Residencia</ownerDesignName>
<engineerTo>
<item key="99E086AB-8155-186E-860F-FC6076F55C85" value="true"/>
</engineerTo>
<useDomainConstraints>false</useDomainConstraints>
<use>1</use>
<logicalDatatype>LOGDT011</logicalDatatype>
<ownDataTypeParameters>,,</ownDataTypeParameters>
</Attribute>
<Attribute name="rut" id="8C8BF150-18C4-4F21-4626-04829EB08586">
<createdBy>nrivera</createdBy>
<createdTime>2025-08-31 21:21:38 UTC</createdTime>
<ownerDesignName>Residencia</ownerDesignName>
<engineerTo>
<item key="99E086AB-8155-186E-860F-FC6076F55C85" value="true"/>
</engineerTo>
<useDomainConstraints>false</useDomainConstraints>
<use>1</use>
<logicalDatatype>LOGDT024</logicalDatatype>
<dataTypeSize>13 CHAR</dataTypeSize>
<ownDataTypeParameters>13 CHAR,,</ownDataTypeParameters>
</Attribute>
<Attribute name="nombre" id="B80587FE-20ED-17D7-14A6-7DB2B0F373E6">
<createdBy>nrivera</createdBy>
<createdTime>2025-08-31 21:01:27 UTC</createdTime>
<ownerDesignName>Residencia</ownerDesignName>
<engineerTo>
<item key="99E086AB-8155-186E-860F-FC6076F55C85" value="true"/>
</engineerTo>
<useDomainConstraints>false</useDomainConstraints>
<use>1</use>
<logicalDatatype>LOGDT024</logicalDatatype>
<dataTypeSize>50 CHAR</dataTypeSize>
<ownDataTypeParameters>50 CHAR,,</ownDataTypeParameters>
</Attribute>
<Attribute name="fecha_de_nacimiento" id="3522FA4A-DE0C-3974-7FD3-8A7A781BDE28">
<createdBy>nrivera</createdBy>
<createdTime>2025-08-31 22:12:57 UTC</createdTime>
<ownerDesignName>Residencia</ownerDesignName>
<engineerTo>
<item key="99E086AB-8155-186E-860F-FC6076F55C85" value="true"/>
</engineerTo>
<useDomainConstraints>false</useDomainConstraints>
<use>1</use>
<logicalDatatype>LOGDT007</logicalDatatype>
<ownDataTypeParameters>,,</ownDataTypeParameters>
</Attribute>
<Attribute name="id_residencia" id="215F242C-2DEC-E93D-E08A-3B39D45C0476">
<createdBy>nrivera</createdBy>
<createdTime>2025-09-01 00:51:18 UTC</createdTime>
<generatorID>D7DA470A-7612-6A77-21D5-AF97E66A1F2D</generatorID>
<ownerDesignName>Residencia</ownerDesignName>
<engineerTo>
<item key="99E086AB-8155-186E-860F-FC6076F55C85" value="true"/>
</engineerTo>
<referedAttribute>3BFBA562-BC0E-CB80-04E2-D5AA94265133</referedAttribute>
<useDomainConstraints>false</useDomainConstraints>
<use>1</use>
<logicalDatatype>LOGDT011</logicalDatatype>
<ownDataTypeParameters>,,</ownDataTypeParameters>
</Attribute>
</attributes>
<identifiers itemClass="oracle.dbtools.crest.model.design.logical.CandidateKey">
<identifier id="B48067A3-D635-1B8D-D5C0-AEFFC7F3F880" name="PERSONAL PK">
<createdBy>nrivera</createdBy>
<createdTime>2025-08-31 20:56:11 UTC</createdTime>
<ownerDesignName>Residencia</ownerDesignName>
<engineerTo>
<item key="99E086AB-8155-186E-860F-FC6076F55C85" value="true"/>
</engineerTo>
<pk>true</pk>
<usedAttributes>
<attributeRef>986A78FA-E857-201B-2833-5A279C27A16B</attributeRef>
</usedAttributes>
</identifier>
</identifiers>
</Entity>