<?xml version = '1.0' encoding = 'UTF-8'?>
<Entity class="oracle.dbtools.crest.model.design.logical.Entity" directorySegmentName="seg_0" id="DEB62920-FC1C-0A65-9E42-C8C65C8AFFB9" name="RESERVA">
<createdBy>nrivera</createdBy>
<createdTime>2025-08-31 21:05:21 UTC</createdTime>
<ownerDesignName>Residencia</ownerDesignName>
<engineerTo>
<item key="99E086AB-8155-186E-860F-FC6076F55C85" value="true"/>
</engineerTo>
<adequatelyNormalized>NO</adequatelyNormalized>
<expectedVolumes>0</expectedVolumes>
<fwdEngineeringStrategyName>Single Table</fwdEngineeringStrategyName>
<growthPercent>0</growthPercent>
<growthType>Year</growthType>
<maxVolumes>9999999</maxVolumes>
<minVolumes>0</minVolumes>
<normalForm>Third</normalForm>
<attributes itemClass="oracle.dbtools.crest.model.design.logical.Attribute">
<Attribute name="id_reserva" id="B21BE17C-FF2E-F8C7-6A5C-7AF6E0980F3B">
<createdBy>nrivera</createdBy>
<createdTime>2025-08-31 21:06:46 UTC</createdTime>
<ownerDesignName>Residencia</ownerDesignName>
<engineerTo>
<item key="99E086AB-8155-186E-860F-FC6076F55C85" value="true"/>
</engineerTo>
<useDomainConstraints>false</useDomainConstraints>
<use>1</use>
<logicalDatatype>LOGDT011</logicalDatatype>
<ownDataTypeParameters>,,</ownDataTypeParameters>
</Attribute>
<Attribute name="id_anexo" id="58F1D241-743E-6D5D-E2C0-1779A97F0F9D">
<createdBy>nrivera</createdBy>
<createdTime>2025-08-31 23:51:51 UTC</createdTime>
<generatorID>35AFCC45-2C7F-5317-5660-073463C14C79</generatorID>
<ownerDesignName>Residencia</ownerDesignName>
<engineerTo>
<item key="99E086AB-8155-186E-860F-FC6076F55C85" value="true"/>
</engineerTo>
<referedAttribute>A71DE13B-B04B-22AE-08E5-DDDCCCA2D4CF</referedAttribute>
<useDomainConstraints>false</useDomainConstraints>
<use>1</use>
<logicalDatatype>LOGDT011</logicalDatatype>
<ownDataTypeParameters>,,</ownDataTypeParameters>
</Attribute>
<Attribute name="id_habitacion" id="C52BE3B3-B3AE-E34C-8DB4-5A4FBB410C70">
<createdBy>nrivera</createdBy>
<createdTime>2025-09-01 00:03:34 UTC</createdTime>
<generatorID>FFE68E38-8907-96BA-75D7-B019056DFE0E</generatorID>
<ownerDesignName>Residencia</ownerDesignName>
<engineerTo>
<item key="99E086AB-8155-186E-860F-FC6076F55C85" value="true"/>
</engineerTo>
<referedAttribute>88CFCEDC-FEB5-FFAE-3C27-BC1F7FC52606</referedAttribute>
<useDomainConstraints>false</useDomainConstraints>
<use>1</use>
<logicalDatatype>LOGDT011</logicalDatatype>
<ownDataTypeParameters>,,</ownDataTypeParameters>
</Attribute>
<Attribute name="fecha_entrada" directorySegmentName="seg_0" id="1E002F13-1B29-E42D-1E2B-83C1ACB8BCE5">
<createdBy>nrivera</createdBy>
<createdTime>2025-09-01 01:28:57 UTC</createdTime>
<ownerDesignName>Residencia</ownerDesignName>
<engineerTo>
<item key="99E086AB-8155-186E-860F-FC6076F55C85" value="true"/>
</engineerTo>
<useDomainConstraints>false</useDomainConstraints>
<use>1</use>
<logicalDatatype>LOGDT007</logicalDatatype>
<ownDataTypeParameters>,,</ownDataTypeParameters>
</Attribute>
<Attribute name="fecha_salida" directorySegmentName="seg_0" id="D1EE69F1-A62B-64BC-0623-3EF7E81EA52B">
<createdBy>nrivera</createdBy>
<createdTime>2025-09-01 01:29:01 UTC</createdTime>
<ownerDesignName>Residencia</ownerDesignName>
<engineerTo>
<item key="99E086AB-8155-186E-860F-FC6076F55C85" value="true"/>
</engineerTo>
<nullsAllowed>true</nullsAllowed>
<useDomainConstraints>false</useDomainConstraints>
<use>1</use>
<logicalDatatype>LOGDT007</logicalDatatype>
<ownDataTypeParameters>,,</ownDataTypeParameters>
</Attribute>
</attributes>
<identifiers itemClass="oracle.dbtools.crest.model.design.logical.CandidateKey">
<identifier id="83A6804E-03F4-670B-FAAD-AE8BA1D2FAC8" name="RESERVA PK">
<createdBy>nrivera</createdBy>
<createdTime>2025-08-31 21:06:57 UTC</createdTime>
<ownerDesignName>Residencia</ownerDesignName>
<engineerTo>
<item key="99E086AB-8155-186E-860F-FC6076F55C85" value="true"/>
</engineerTo>
<pk>true</pk>
<usedAttributes>
<attributeRef>B21BE17C-FF2E-F8C7-6A5C-7AF6E0980F3B</attributeRef>
</usedAttributes>
</identifier>
</identifiers>
</Entity>