<?xml version = '1.0' encoding = 'UTF-8'?>
<Entity class="oracle.dbtools.crest.model.design.logical.Entity" directorySegmentName="seg_0" id="E84D4321-FB3D-12DE-BE2E-0C6F5BBB90E3" name="CONTRATO">
<createdBy>nrivera</createdBy>
<createdTime>2025-08-31 21:14:26 UTC</createdTime>
<ownerDesignName>Residencia</ownerDesignName>
<engineerTo>
<item key="99E086AB-8155-186E-860F-FC6076F55C85" value="true"/>
</engineerTo>
<adequatelyNormalized>NO</adequatelyNormalized>
<expectedVolumes>0</expectedVolumes>
<fwdEngineeringStrategyName>Single Table</fwdEngineeringStrategyName>
<growthPercent>0</growthPercent>
<growthType>Year</growthType>
<maxVolumes>9999999</maxVolumes>
<minVolumes>0</minVolumes>
<normalForm>Third</normalForm>
<attributes itemClass="oracle.dbtools.crest.model.design.logical.Attribute">
<Attribute name="id_contrato" id="6780E42E-B89A-4704-6F43-3A667CFD2652">
<createdBy>nrivera</createdBy>
<createdTime>2025-08-31 21:14:46 UTC</createdTime>
<ownerDesignName>Residencia</ownerDesignName>
<engineerTo>
<item key="99E086AB-8155-186E-860F-FC6076F55C85" value="true"/>
</engineerTo>
<useDomainConstraints>false</useDomainConstraints>
<use>1</use>
<logicalDatatype>LOGDT011</logicalDatatype>
<ownDataTypeParameters>,,</ownDataTypeParameters>
</Attribute>
<Attribute name="codigo" id="A4181926-80BA-52B3-8BC6-D1EDD6D686C1">
<createdBy>nrivera</createdBy>
<createdTime>2025-08-31 22:34:50 UTC</createdTime>
<ownerDesignName>Residencia</ownerDesignName>
<engineerTo>
<item key="99E086AB-8155-186E-860F-FC6076F55C85" value="true"/>
</engineerTo>
<useDomainConstraints>false</useDomainConstraints>
<use>1</use>
<logicalDatatype>LOGDT024</logicalDatatype>
<dataTypeSize>10 CHAR</dataTypeSize>
<ownDataTypeParameters>10 CHAR,,</ownDataTypeParameters>
</Attribute>
<Attribute name="periodo_estadia" id="ED3AF993-8169-CC85-5CCE-F855BEC8DCE2">
<createdBy>nrivera</createdBy>
<createdTime>2025-08-31 21:18:42 UTC</createdTime>
<ownerDesignName>Residencia</ownerDesignName>
<engineerTo>
<item key="99E086AB-8155-186E-860F-FC6076F55C85" value="true"/>
</engineerTo>
<useDomainConstraints>false</useDomainConstraints>
<use>1</use>
<logicalDatatype>LOGDT011</logicalDatatype>
<ownDataTypeParameters>,,</ownDataTypeParameters>
</Attribute>
<Attribute name="estado" id="559DFC20-3BA3-77AD-8E9E-61C7ED80EB11">
<createdBy>nrivera</createdBy>
<createdTime>2025-08-31 21:39:38 UTC</createdTime>
<commentInRDBMS><![CDATA[activo/inactivo]]></commentInRDBMS>
<ownerDesignName>Residencia</ownerDesignName>
<engineerTo>
<item key="99E086AB-8155-186E-860F-FC6076F55C85" value="true"/>
</engineerTo>
<useDomainConstraints>false</useDomainConstraints>
<use>1</use>
<logicalDatatype>LOGDT024</logicalDatatype>
<dataTypeSize>10 CHAR</dataTypeSize>
<ownDataTypeParameters>10 CHAR,,</ownDataTypeParameters>
</Attribute>
<Attribute name="id_apoderado" id="05832104-6D50-5FC6-5149-30770DFD05B1">
<createdBy>nrivera</createdBy>
<createdTime>2025-09-01 00:48:02 UTC</createdTime>
<generatorID>E33AD53C-71FA-384A-1DD2-B89AF6A5FA4B</generatorID>
<ownerDesignName>Residencia</ownerDesignName>
<engineerTo>
<item key="99E086AB-8155-186E-860F-FC6076F55C85" value="true"/>
</engineerTo>
<referedAttribute>29DED5D1-EB45-4F3A-DC01-A7A83AB3297B</referedAttribute>
<useDomainConstraints>false</useDomainConstraints>
<use>1</use>
<logicalDatatype>LOGDT011</logicalDatatype>
<ownDataTypeParameters>,,</ownDataTypeParameters>
</Attribute>
</attributes>
<identifiers itemClass="oracle.dbtools.crest.model.design.logical.CandidateKey">
<identifier id="D7E60105-D04D-A9A9-72E8-776821D58695" name="CONTRATO PK">
<createdBy>nrivera</createdBy>
<createdTime>2025-09-01 01:02:22 UTC</createdTime>
<ownerDesignName>Residencia</ownerDesignName>
<engineerTo>
<item key="99E086AB-8155-186E-860F-FC6076F55C85" value="true"/>
</engineerTo>
<pk>true</pk>
<usedAttributes>
<attributeRef>6780E42E-B89A-4704-6F43-3A667CFD2652</attributeRef>
</usedAttributes>
</identifier>
</identifiers>
</Entity>