<?xml version = '1.0' encoding = 'UTF-8'?>
<Diagram class="oracle.dbtools.crest.swingui.logical.DPVLogical" name="Logical" id="40E61425-77E9-78BB-AE0C-83EF8BDACBBF">
<createdBy>nrivera</createdBy>
<modifiedBy>nrivera</modifiedBy>
<createdTime>2025-09-15 16:19:29 UTC</createdTime>
<autoRoute>false</autoRoute>
<boxInbox>false</boxInbox>
<showLegend>false</showLegend>
<showLabels>false</showLabels>
<showRelAttributes>true</showRelAttributes>
<gridEnabled>false</gridEnabled>
<showGrid>false</showGrid>
<diagramColor>-1</diagramColor>
<display>false</display>
<notation>1</notation>
<objectViews>
<OView class="oracle.dbtools.crest.swingui.logical.TVEntity" oid="06E9D080-ABF0-772D-1E3C-A636630851E3" otype="Entity" vid="C2B0C734-65A1-C4CC-8036-6C5D54B7A4B8">
<hideElementsInCurrentOnly>false</hideElementsInCurrentOnly>
<bounds x="231" y="236" width="160" height="82"/>
</OView>
<OView class="oracle.dbtools.crest.swingui.logical.TVEntity" oid="127CE664-FA37-EA69-E718-A1EB5939A2B5" otype="Entity" vid="3B33C896-3285-1D7F-2E30-B5A6053245D3">
<hideElementsInCurrentOnly>false</hideElementsInCurrentOnly>
<bounds x="63" y="31" width="128" height="70"/>
</OView>
<OView class="oracle.dbtools.crest.swingui.logical.TVEntity" oid="2B5F8303-875C-C213-F17A-46A983683C4F" otype="Entity" vid="59D4CC19-4A34-CDA5-B0D4-69A79BBA7389">
<hideElementsInCurrentOnly>false</hideElementsInCurrentOnly>
<bounds x="28" y="250" width="133" height="59"/>
</OView>
<OView class="oracle.dbtools.crest.swingui.logical.TVEntity" oid="4BB82C61-E81B-70E9-E422-0C4D776858F5" otype="Entity" vid="D113B083-0587-4F00-3362-8838958A8D58">
<hideElementsInCurrentOnly>false</hideElementsInCurrentOnly>
<bounds x="1051" y="288" width="137" height="33"/>
</OView>
<OView class="oracle.dbtools.crest.swingui.logical.TVEntity" oid="5735538B-BDE0-0B19-5821-BC2DFE39042A" otype="Entity" vid="10AA5196-405B-9C01-913E-67EE6916CD4D">
<hideElementsInCurrentOnly>false</hideElementsInCurrentOnly>
<bounds x="741" y="32" width="173" height="162"/>
</OView>
<OView class="oracle.dbtools.crest.swingui.logical.TVEntity" oid="584C49BB-1D5B-CE16-086C-79FFB09ECF21" otype="Entity" vid="12505C39-4BA6-5F84-85AF-080F192C6135">
<hideElementsInCurrentOnly>false</hideElementsInCurrentOnly>
<bounds x="1045" y="357" width="152" height="58"/>
</OView>
<OView class="oracle.dbtools.crest.swingui.logical.TVEntity" oid="63066D15-11AF-7F00-A9D7-53DBFA6423F0" otype="Entity" vid="4F024A9D-D5E8-B666-9A14-8139B1C837BA">
<hideElementsInCurrentOnly>false</hideElementsInCurrentOnly>
<bounds x="303" y="138" width="151" height="58"/>
</OView>
<OView class="oracle.dbtools.crest.swingui.logical.TVEntity" oid="7353DC78-6DC1-37FA-B669-D6B6823B0C2C" otype="Entity" vid="08074566-AB94-F6BF-8840-CFC47CED7E55">
<hideElementsInCurrentOnly>false</hideElementsInCurrentOnly>
<bounds x="827" y="295" width="174" height="53"/>
</OView>
<OView class="oracle.dbtools.crest.swingui.logical.TVEntity" oid="840AB4E5-8139-5D50-3B6D-F368584099FB" otype="Entity" vid="D85CF6EF-333A-ACF0-BCEE-7C86719C953C">
<hideElementsInCurrentOnly>false</hideElementsInCurrentOnly>
<bounds x="545" y="414" width="149" height="62"/>
</OView>
<OView class="oracle.dbtools.crest.swingui.logical.TVEntity" oid="8B898391-1618-673D-577B-9E6745943A8F" otype="Entity" vid="A26CA037-3174-8390-9B69-E4AE130DBF41">
<hideElementsInCurrentOnly>false</hideElementsInCurrentOnly>
<bounds x="1046" y="434" width="154" height="96"/>
</OView>
<OView class="oracle.dbtools.crest.swingui.logical.TVEntity" oid="98A61622-6E77-D55A-498B-69E4F922CCE8" otype="Entity" vid="9C81B44D-0914-FAB4-4FAF-FFFEF90C22AF">
<hideElementsInCurrentOnly>false</hideElementsInCurrentOnly>
<bounds x="260" y="35" width="161" height="71"/>
</OView>
<OView class="oracle.dbtools.crest.swingui.logical.TVEntity" oid="AE17B42A-35D8-6A28-581A-313BDBAF18D6" otype="Entity" vid="BDED75C5-C8C8-2882-3E78-7379D6B37ADB">
<hideElementsInCurrentOnly>false</hideElementsInCurrentOnly>
<bounds x="192" y="138" width="92" height="55"/>
</OView>
<OView class="oracle.dbtools.crest.swingui.logical.TVEntity" oid="BBB7CD34-1C9E-68C1-637B-3E8BFC17F920" otype="Entity" vid="95E44669-7629-F1C5-F1D7-CDFCEC3EFFD7">
<hideElementsInCurrentOnly>false</hideElementsInCurrentOnly>
<bounds x="477" y="34" width="170" height="110"/>
</OView>
<OView class="oracle.dbtools.crest.swingui.logical.TVEntity" oid="D82CF974-EB60-0669-87C0-593B0A727543" otype="Entity" vid="DEBC6B8C-0082-F8CA-998E-89783109B335">
<hideElementsInCurrentOnly>false</hideElementsInCurrentOnly>
<bounds x="123" y="546" width="183" height="94"/>
</OView>
<OView class="oracle.dbtools.crest.swingui.logical.TVEntity" oid="F0DE8F5F-A24A-6E6B-52AB-D78E6EF3C8D7" otype="Entity" vid="94AAC11F-6227-2096-52E2-0F3D65188895">
<hideElementsInCurrentOnly>false</hideElementsInCurrentOnly>
<bounds x="245" y="396" width="168" height="104"/>
</OView>
<OView class="oracle.dbtools.crest.swingui.logical.TVEntity" oid="FD69A765-67A0-4A57-B209-4F72C13ADB4D" otype="Entity" vid="20CEE662-C87B-5EF9-14FD-AB83BA3846D7">
<hideElementsInCurrentOnly>false</hideElementsInCurrentOnly>
<bounds x="476" y="220" width="192" height="122"/>
</OView>
</objectViews>
<connectors>
<Connector class="oracle.dbtools.crest.swingui.logical.TVRelation" oid="0C11BA44-E5AF-6285-396F-E579FFB1813B" otype="Relation" vid_source="20CEE662-C87B-5EF9-14FD-AB83BA3846D7" vid_target="94AAC11F-6227-2096-52E2-0F3D65188895">
<hideElementsInCurrentOnly>false</hideElementsInCurrentOnly>
<backgroundColor>-16777216</backgroundColor>
<lineWidth>1</lineWidth>
<points>
<point x="483" y="342"/>
<point x="404" y="396"/>
</points>
</Connector>
<Connector class="oracle.dbtools.crest.swingui.logical.TVRelation" oid="185CC152-500C-4F44-A973-D1F56A9FAFC1" otype="Relation" vid_source="9C81B44D-0914-FAB4-4FAF-FFFEF90C22AF" vid_target="95E44669-7629-F1C5-F1D7-CDFCEC3EFFD7">
<hideElementsInCurrentOnly>false</hideElementsInCurrentOnly>
<backgroundColor>-16777216</backgroundColor>
<lineWidth>1</lineWidth>
<points>
<point x="421" y="70"/>
<point x="477" y="70"/>
</points>
</Connector>
<Connector class="oracle.dbtools.crest.swingui.logical.TVRelation" oid="1FF7002C-8307-358B-7357-59DBC2B2B0EE" otype="Relation" vid_source="20CEE662-C87B-5EF9-14FD-AB83BA3846D7" vid_target="C2B0C734-65A1-C4CC-8036-6C5D54B7A4B8">
<hideElementsInCurrentOnly>false</hideElementsInCurrentOnly>
<backgroundColor>-16777216</backgroundColor>
<lineWidth>1</lineWidth>
<points>
<point x="476" y="277"/>
<point x="391" y="277"/>
</points>
</Connector>
<Connector class="oracle.dbtools.crest.swingui.logical.TVInheritanceRelation" oid="25A396F0-C4C4-61C8-746C-3DC713B26FE4" otype="Hierarchy relation" vid_source="08074566-AB94-F6BF-8840-CFC47CED7E55" vid_target="12505C39-4BA6-5F84-85AF-080F192C6135">
<hideElementsInCurrentOnly>false</hideElementsInCurrentOnly>
<backgroundColor>-65536</backgroundColor>
<lineWidth>1</lineWidth>
<points>
<point x="999" y="348"/>
<point x="1045" y="362"/>
</points>
</Connector>
<Connector class="oracle.dbtools.crest.swingui.logical.TVRelation" oid="330EA6D9-5F43-0615-704D-B10B67978313" otype="Relation" vid_source="95E44669-7629-F1C5-F1D7-CDFCEC3EFFD7" vid_target="10AA5196-405B-9C01-913E-67EE6916CD4D">
<hideElementsInCurrentOnly>false</hideElementsInCurrentOnly>
<backgroundColor>-16777216</backgroundColor>
<lineWidth>1</lineWidth>
<points>
<point x="647" y="104"/>
<point x="741" y="104"/>
</points>
</Connector>
<Connector class="oracle.dbtools.crest.swingui.logical.TVRelation" oid="6DB04676-9F55-8B1E-D939-9BA60C1039E7" otype="Relation" vid_source="C2B0C734-65A1-C4CC-8036-6C5D54B7A4B8" vid_target="C2B0C734-65A1-C4CC-8036-6C5D54B7A4B8">
<hideElementsInCurrentOnly>false</hideElementsInCurrentOnly>
<backgroundColor>-16777216</backgroundColor>
<lineWidth>1</lineWidth>
<points>
<point x="391" y="284"/>
<point x="416" y="284"/>
<point x="416" y="343"/>
<point x="325" y="343"/>
<point x="325" y="318"/>
</points>
</Connector>
<Connector class="oracle.dbtools.crest.swingui.logical.TVRelation" oid="7C74FAC2-C05F-68B2-EC18-376F7EB351E3" otype="Relation" vid_source="3B33C896-3285-1D7F-2E30-B5A6053245D3" vid_target="9C81B44D-0914-FAB4-4FAF-FFFEF90C22AF">
<hideElementsInCurrentOnly>false</hideElementsInCurrentOnly>
<backgroundColor>-16777216</backgroundColor>
<lineWidth>1</lineWidth>
<points>
<point x="191" y="83"/>
<point x="260" y="83"/>
</points>
</Connector>
<Connector class="oracle.dbtools.crest.swingui.logical.TVRelation" oid="931CF996-C0C9-6E84-7987-B1B42CBA8437" otype="Relation" vid_source="20CEE662-C87B-5EF9-14FD-AB83BA3846D7" vid_target="D85CF6EF-333A-ACF0-BCEE-7C86719C953C">
<hideElementsInCurrentOnly>false</hideElementsInCurrentOnly>
<backgroundColor>-16777216</backgroundColor>
<lineWidth>1</lineWidth>
<points>
<point x="621" y="342"/>
<point x="621" y="414"/>
</points>
</Connector>
<Connector class="oracle.dbtools.crest.swingui.logical.TVRelation" oid="9B00CBD4-4345-0FE9-B53C-0C1FAC127828" otype="Relation" vid_source="08074566-AB94-F6BF-8840-CFC47CED7E55" vid_target="20CEE662-C87B-5EF9-14FD-AB83BA3846D7">
<hideElementsInCurrentOnly>false</hideElementsInCurrentOnly>
<backgroundColor>-16777216</backgroundColor>
<lineWidth>1</lineWidth>
<points>
<point x="827" y="318"/>
<point x="668" y="318"/>
</points>
</Connector>
<Connector class="oracle.dbtools.crest.swingui.logical.TVRelation" oid="A42B50A3-111E-A599-01BB-410E31855ECD" otype="Relation" vid_source="DEBC6B8C-0082-F8CA-998E-89783109B335" vid_target="94AAC11F-6227-2096-52E2-0F3D65188895">
<hideElementsInCurrentOnly>false</hideElementsInCurrentOnly>
<backgroundColor>-16777216</backgroundColor>
<lineWidth>1</lineWidth>
<points>
<point x="290" y="546"/>
<point x="290" y="500"/>
</points>
</Connector>
<Connector class="oracle.dbtools.crest.swingui.logical.TVRelation" oid="AB2B23DF-90EF-F13A-E9FE-3920D1CFCA4C" otype="Relation" vid_source="4F024A9D-D5E8-B666-9A14-8139B1C837BA" vid_target="C2B0C734-65A1-C4CC-8036-6C5D54B7A4B8">
<hideElementsInCurrentOnly>false</hideElementsInCurrentOnly>
<backgroundColor>-16777216</backgroundColor>
<lineWidth>1</lineWidth>
<points>
<point x="347" y="196"/>
<point x="347" y="236"/>
</points>
</Connector>
<Connector class="oracle.dbtools.crest.swingui.logical.TVRelation" oid="B20715B5-AAAC-39BF-F70B-38F01AFBE978" otype="Relation" vid_source="BDED75C5-C8C8-2882-3E78-7379D6B37ADB" vid_target="C2B0C734-65A1-C4CC-8036-6C5D54B7A4B8">
<hideElementsInCurrentOnly>false</hideElementsInCurrentOnly>
<backgroundColor>-16777216</backgroundColor>
<lineWidth>1</lineWidth>
<points>
<point x="242" y="193"/>
<point x="242" y="236"/>
</points>
</Connector>
<Connector class="oracle.dbtools.crest.swingui.logical.TVInheritanceRelation" oid="B77FB5C3-BBC6-338F-5CFE-CCD4E5DEDAFB" otype="Hierarchy relation" vid_source="08074566-AB94-F6BF-8840-CFC47CED7E55" vid_target="A26CA037-3174-8390-9B69-E4AE130DBF41">
<hideElementsInCurrentOnly>false</hideElementsInCurrentOnly>
<backgroundColor>-65536</backgroundColor>
<lineWidth>1</lineWidth>
<points>
<point x="948" y="348"/>
<point x="1060" y="434"/>
</points>
</Connector>
<Connector class="oracle.dbtools.crest.swingui.logical.TVRelation" oid="D5F01D73-D70A-BE91-8B94-64CD501D43D4" otype="Relation" vid_source="10AA5196-405B-9C01-913E-67EE6916CD4D" vid_target="20CEE662-C87B-5EF9-14FD-AB83BA3846D7">
<hideElementsInCurrentOnly>false</hideElementsInCurrentOnly>
<backgroundColor>-16777216</backgroundColor>
<lineWidth>1</lineWidth>
<points>
<point x="741" y="169"/>
<point x="664" y="220"/>
</points>
</Connector>
<Connector class="oracle.dbtools.crest.swingui.logical.TVInheritanceRelation" oid="E54D202E-68D6-B246-5FC1-1B65010323E9" otype="Hierarchy relation" vid_source="08074566-AB94-F6BF-8840-CFC47CED7E55" vid_target="D113B083-0587-4F00-3362-8838958A8D58">
<hideElementsInCurrentOnly>false</hideElementsInCurrentOnly>
<backgroundColor>-65536</backgroundColor>
<lineWidth>1</lineWidth>
<points>
<point x="1001" y="308"/>
<point x="1051" y="308"/>
</points>
</Connector>
<Connector class="oracle.dbtools.crest.swingui.logical.TVRelation" oid="FAB6723A-3476-6CAE-FC47-85536CF1C33C" otype="Relation" vid_source="59D4CC19-4A34-CDA5-B0D4-69A79BBA7389" vid_target="C2B0C734-65A1-C4CC-8036-6C5D54B7A4B8">
<hideElementsInCurrentOnly>false</hideElementsInCurrentOnly>
<backgroundColor>-16777216</backgroundColor>
<lineWidth>1</lineWidth>
<points>
<point x="161" y="279"/>
<point x="231" y="279"/>
</points>
</Connector>
</connectors>
</Diagram>