<?xml version = '1.0' encoding = 'UTF-8'?>
<Diagram class="oracle.dbtools.crest.swingui.relational.DPVRelational" name="Relational_1" id="2BED79F6-B77B-6EBE-22C0-7584909EEFB1">
<createdBy>nrivera</createdBy>
<modifiedBy>nrivera</modifiedBy>
<createdTime>2025-09-15 17:22:08 UTC</createdTime>
<autoRoute>false</autoRoute>
<boxInbox>true</boxInbox>
<showLegend>false</showLegend>
<showLabels>false</showLabels>
<showRelAttributes>false</showRelAttributes>
<gridEnabled>false</gridEnabled>
<showGrid>false</showGrid>
<diagramColor>-1</diagramColor>
<display>false</display>
<notation>1</notation>
<objectViews>
<OView class="oracle.dbtools.crest.swingui.relational.TVTable" oid="042F2A17-6A1A-C75D-91FC-635203841FB0" otype="Table" vid="0001CF22-3A91-5878-71CF-79FEA2FE640C">
<hideElementsInCurrentOnly>false</hideElementsInCurrentOnly>
<bounds x="75" y="215" width="167" height="70"/>
</OView>
<OView class="oracle.dbtools.crest.swingui.relational.TVTable" oid="06251FA5-9FFA-CF29-BD6D-D2EB4ABDFA83" otype="Table" vid="92BC13C1-D73B-8F9B-3C81-AB0E8E1152F7">
<hideElementsInCurrentOnly>false</hideElementsInCurrentOnly>
<bounds x="469" y="567" width="467" height="141"/>
</OView>
<OView class="oracle.dbtools.crest.swingui.relational.TVTable" oid="19DEBF18-704B-C3ED-DFF3-ACCF8436CD27" otype="Table" vid="A7BFFE41-B5E2-3950-0982-DE22A1E2158D">
<hideElementsInCurrentOnly>false</hideElementsInCurrentOnly>
<bounds x="526" y="333" width="436" height="115"/>
</OView>
<OView class="oracle.dbtools.crest.swingui.relational.TVTable" oid="367D6361-69A0-6233-FF53-531FB07F68FE" otype="Table" vid="51DE270C-3797-5D18-C34E-3CCA9B8F5810">
<hideElementsInCurrentOnly>false</hideElementsInCurrentOnly>
<bounds x="1848" y="317" width="135" height="33"/>
</OView>
<OView class="oracle.dbtools.crest.swingui.relational.TVTable" oid="459E500C-CE48-E2B4-790D-B615E8BB42C7" otype="Table" vid="A0639129-CC16-62E3-C62C-94CB30F41404">
<hideElementsInCurrentOnly>false</hideElementsInCurrentOnly>
<bounds x="1852" y="403" width="152" height="58"/>
</OView>
<OView class="oracle.dbtools.crest.swingui.relational.TVTable" oid="572CAFEB-6D2D-FA9A-85E7-0EA3EF43BFD3" otype="Table" vid="A0D7E170-5691-1DDB-0285-F780835DA2DE">
<hideElementsInCurrentOnly>false</hideElementsInCurrentOnly>
<bounds x="1127" y="574" width="422" height="102"/>
</OView>
<OView class="oracle.dbtools.crest.swingui.relational.TVTable" oid="5EF692A5-E8AE-3AB8-CCB8-18BF436DAAB6" otype="Table" vid="B0F7036C-3717-77F3-FEAA-2E57E52B1759">
<hideElementsInCurrentOnly>false</hideElementsInCurrentOnly>
<bounds x="17" y="372" width="218" height="70"/>
</OView>
<OView class="oracle.dbtools.crest.swingui.relational.TVTable" oid="7B652165-1738-2F1E-54DD-1B304DB0B676" otype="Table" vid="78B536F1-AEB2-DCC0-B808-556D4C59671F">
<hideElementsInCurrentOnly>false</hideElementsInCurrentOnly>
<bounds x="294" y="216" width="225" height="83"/>
</OView>
<OView class="oracle.dbtools.crest.swingui.relational.TVTable" oid="8EFCFC81-82EF-5262-D0DB-BA59B426B276" otype="Table" vid="49684AF7-C2E8-CAAA-D6E4-673FD4E58CFE">
<hideElementsInCurrentOnly>false</hideElementsInCurrentOnly>
<bounds x="835" y="14" width="173" height="162"/>
</OView>
<OView class="oracle.dbtools.crest.swingui.relational.TVTable" oid="90518953-6831-4AD1-CCD1-D45AAEA95BB4" otype="Table" vid="A80D03DF-2C86-9D51-3A9A-C312171ED2ED">
<hideElementsInCurrentOnly>false</hideElementsInCurrentOnly>
<bounds x="1112" y="19" width="413" height="115"/>
</OView>
<OView class="oracle.dbtools.crest.swingui.relational.TVTable" oid="9F5CC96A-9394-FB32-0914-C070DEB80B8F" otype="Table" vid="FDC3C4A6-832B-C0C2-2B12-CED052BD53BD">
<hideElementsInCurrentOnly>false</hideElementsInCurrentOnly>
<bounds x="1411" y="298" width="341" height="108"/>
</OView>
<OView class="oracle.dbtools.crest.swingui.relational.TVTable" oid="A5CAFD13-A21A-5275-7095-8B1ECEC8D180" otype="Table" vid="97596E2D-8E19-4E64-AD4A-5BE2F8B0BBEC">
<hideElementsInCurrentOnly>false</hideElementsInCurrentOnly>
<bounds x="1003" y="264" width="383" height="212"/>
</OView>
<OView class="oracle.dbtools.crest.swingui.relational.TVTable" oid="C4A64E65-CC4A-4BDC-1321-31EFF8B0EE5A" otype="Table" vid="850FCD93-33EF-F4BE-F471-319B4237B75E">
<hideElementsInCurrentOnly>false</hideElementsInCurrentOnly>
<bounds x="239" y="28" width="233" height="102"/>
</OView>
<OView class="oracle.dbtools.crest.swingui.relational.TVTable" oid="D2864D34-4C13-86BD-5FA1-FD2AE834CECB" otype="Table" vid="58ACAEB6-37D3-4546-DFCA-5752E338C164">
<hideElementsInCurrentOnly>false</hideElementsInCurrentOnly>
<bounds x="134" y="610" width="183" height="94"/>
</OView>
<OView class="oracle.dbtools.crest.swingui.relational.TVTable" oid="D5BC7540-69F0-15F4-CF2F-5704D7520A23" otype="Table" vid="26D1C7A9-109F-DA91-F349-A744563A53CE">
<hideElementsInCurrentOnly>false</hideElementsInCurrentOnly>
<bounds x="5" y="34" width="188" height="70"/>
</OView>
<OView class="oracle.dbtools.crest.swingui.relational.TVTable" oid="D77ACF09-BE74-E2CB-29E2-4A2270AFCA04" otype="Table" vid="1322814B-2C53-675A-9BA0-E6E32A99E16F">
<hideElementsInCurrentOnly>false</hideElementsInCurrentOnly>
<bounds x="1201" y="769" width="213" height="70"/>
</OView>
<OView class="oracle.dbtools.crest.swingui.relational.TVTable" oid="E714E0B0-8DE9-DE0E-7E80-F5700D5006B7" otype="Table" vid="9D06BC88-412F-3F80-664D-DF5812AF2FB2">
<hideElementsInCurrentOnly>false</hideElementsInCurrentOnly>
<bounds x="298" y="373" width="160" height="82"/>
</OView>
<OView class="oracle.dbtools.crest.swingui.relational.TVTable" oid="F185783B-BA7E-CCE2-1AAD-31450241253E" otype="Table" vid="7BE4F3C3-EC3E-4766-4D40-9E10DBFC7828">
<hideElementsInCurrentOnly>false</hideElementsInCurrentOnly>
<bounds x="1841" y="509" width="154" height="96"/>
</OView>
<OView class="oracle.dbtools.crest.swingui.relational.TVTable" oid="F70ACEAD-0A5B-880A-B7AC-C6F60D28BAE5" otype="Table" vid="5E1A20BE-D467-35F1-D8A1-6CCC7E53D92B">
<hideElementsInCurrentOnly>false</hideElementsInCurrentOnly>
<bounds x="550" y="26" width="266" height="115"/>
</OView>
</objectViews>
<connectors>
<Connector class="oracle.dbtools.crest.swingui.relational.TVFKRelation" oid="05D6122B-3C9C-FC00-CA16-48DDFF93DCEF" otype="FKIndexAssociation" vid_source="49684AF7-C2E8-CAAA-D6E4-673FD4E58CFE" vid_target="A80D03DF-2C86-9D51-3A9A-C312171ED2ED">
<hideElementsInCurrentOnly>false</hideElementsInCurrentOnly>
<backgroundColor>-16777216</backgroundColor>
<lineWidth>1</lineWidth>
<points>
<point x="1008" y="91"/>
<point x="1112" y="91"/>
</points>
</Connector>
<Connector class="oracle.dbtools.crest.swingui.relational.TVFKRelation" oid="07453054-6AD3-EA2A-56F6-D6CFD70BEE70" otype="FKIndexAssociation" vid_source="9D06BC88-412F-3F80-664D-DF5812AF2FB2" vid_target="A7BFFE41-B5E2-3950-0982-DE22A1E2158D">
<hideElementsInCurrentOnly>false</hideElementsInCurrentOnly>
<backgroundColor>-16777216</backgroundColor>
<lineWidth>1</lineWidth>
<points>
<point x="458" y="410"/>
<point x="526" y="410"/>
</points>
</Connector>
<Connector class="oracle.dbtools.crest.swingui.relational.TVFKRelation" oid="0F9C9886-DA83-5678-D11B-C46D2704F3E9" otype="FKIndexAssociation" vid_source="97596E2D-8E19-4E64-AD4A-5BE2F8B0BBEC" vid_target="92BC13C1-D73B-8F9B-3C81-AB0E8E1152F7">
<hideElementsInCurrentOnly>false</hideElementsInCurrentOnly>
<backgroundColor>-16777216</backgroundColor>
<lineWidth>1</lineWidth>
<points>
<point x="1003" y="474"/>
<point x="832" y="567"/>
</points>
</Connector>
<Connector class="oracle.dbtools.crest.swingui.relational.TVFKRelation" oid="1085DAD7-94B6-182D-46CD-654BF2C7CBC9" otype="FKIndexAssociation" vid_source="97596E2D-8E19-4E64-AD4A-5BE2F8B0BBEC" vid_target="A7BFFE41-B5E2-3950-0982-DE22A1E2158D">
<hideElementsInCurrentOnly>false</hideElementsInCurrentOnly>
<backgroundColor>-16777216</backgroundColor>
<lineWidth>1</lineWidth>
<points>
<point x="1003" y="390"/>
<point x="962" y="390"/>
</points>
</Connector>
<Connector class="oracle.dbtools.crest.swingui.relational.TVFKRelation" oid="139FF473-1974-BC7D-0017-60AB8ED0D325" otype="FKIndexAssociation" vid_source="FDC3C4A6-832B-C0C2-2B12-CED052BD53BD" vid_target="97596E2D-8E19-4E64-AD4A-5BE2F8B0BBEC">
<hideElementsInCurrentOnly>false</hideElementsInCurrentOnly>
<backgroundColor>-16777216</backgroundColor>
<lineWidth>1</lineWidth>
<points>
<point x="1411" y="367"/>
<point x="1386" y="367"/>
</points>
</Connector>
<Connector class="oracle.dbtools.crest.swingui.relational.TVFKRelation" oid="141C1B67-AD50-86B6-839D-08C75C517B04" otype="FKIndexAssociation" vid_source="FDC3C4A6-832B-C0C2-2B12-CED052BD53BD" vid_target="A0639129-CC16-62E3-C62C-94CB30F41404">
<hideElementsInCurrentOnly>false</hideElementsInCurrentOnly>
<backgroundColor>-16777216</backgroundColor>
<lineWidth>1</lineWidth>
<points>
<point x="1752" y="404"/>
<point x="1852" y="404"/>
</points>
</Connector>
<Connector class="oracle.dbtools.crest.swingui.relational.TVFKRelation" oid="1F2BC749-DF1B-7771-0F6F-24B65534F478" otype="FKIndexAssociation" vid_source="26D1C7A9-109F-DA91-F349-A744563A53CE" vid_target="850FCD93-33EF-F4BE-F471-319B4237B75E">
<hideElementsInCurrentOnly>false</hideElementsInCurrentOnly>
<backgroundColor>-16777216</backgroundColor>
<lineWidth>1</lineWidth>
<points>
<point x="193" y="69"/>
<point x="239" y="69"/>
</points>
</Connector>
<Connector class="oracle.dbtools.crest.swingui.relational.TVFKRelation" oid="59900A40-26FD-5167-5961-756B0E644365" otype="FKIndexAssociation" vid_source="1322814B-2C53-675A-9BA0-E6E32A99E16F" vid_target="A0D7E170-5691-1DDB-0285-F780835DA2DE">
<hideElementsInCurrentOnly>false</hideElementsInCurrentOnly>
<backgroundColor>-16777216</backgroundColor>
<lineWidth>1</lineWidth>
<points>
<point x="1307" y="769"/>
<point x="1307" y="676"/>
</points>
</Connector>
<Connector class="oracle.dbtools.crest.swingui.relational.TVFKRelation" oid="6392C1D6-2063-512A-03D2-973B89BB0DB7" otype="FKIndexAssociation" vid_source="850FCD93-33EF-F4BE-F471-319B4237B75E" vid_target="5E1A20BE-D467-35F1-D8A1-6CCC7E53D92B">
<hideElementsInCurrentOnly>false</hideElementsInCurrentOnly>
<backgroundColor>-16777216</backgroundColor>
<lineWidth>1</lineWidth>
<points>
<point x="472" y="79"/>
<point x="550" y="79"/>
</points>
</Connector>
<Connector class="oracle.dbtools.crest.swingui.relational.TVFKRelation" oid="73E664BA-1BD6-90C4-4B15-EC52E6E90743" otype="FKIndexAssociation" vid_source="9D06BC88-412F-3F80-664D-DF5812AF2FB2" vid_target="9D06BC88-412F-3F80-664D-DF5812AF2FB2">
<hideElementsInCurrentOnly>false</hideElementsInCurrentOnly>
<backgroundColor>-16777216</backgroundColor>
<lineWidth>1</lineWidth>
<points>
<point x="458" y="421"/>
<point x="483" y="421"/>
<point x="483" y="480"/>
<point x="392" y="480"/>
<point x="392" y="455"/>
</points>
</Connector>
<Connector class="oracle.dbtools.crest.swingui.relational.TVFKRelation" oid="8388DED4-3375-0159-7732-597AEF0CA9D4" otype="FKIndexAssociation" vid_source="58ACAEB6-37D3-4546-DFCA-5752E338C164" vid_target="92BC13C1-D73B-8F9B-3C81-AB0E8E1152F7">
<hideElementsInCurrentOnly>false</hideElementsInCurrentOnly>
<backgroundColor>-16777216</backgroundColor>
<lineWidth>1</lineWidth>
<points>
<point x="317" y="657"/>
<point x="469" y="657"/>
</points>
</Connector>
<Connector class="oracle.dbtools.crest.swingui.relational.TVFKRelation" oid="852B04A1-72C7-DD9A-2D9D-C4A10251F784" otype="FKIndexAssociation" vid_source="FDC3C4A6-832B-C0C2-2B12-CED052BD53BD" vid_target="7BE4F3C3-EC3E-4766-4D40-9E10DBFC7828">
<hideElementsInCurrentOnly>false</hideElementsInCurrentOnly>
<backgroundColor>-16777216</backgroundColor>
<lineWidth>1</lineWidth>
<points>
<point x="1670" y="406"/>
<point x="1841" y="510"/>
</points>
</Connector>
<Connector class="oracle.dbtools.crest.swingui.relational.TVFKRelation" oid="85ABF9F7-F4C5-8B53-FA3B-70727FDF8990" otype="FKIndexAssociation" vid_source="FDC3C4A6-832B-C0C2-2B12-CED052BD53BD" vid_target="51DE270C-3797-5D18-C34E-3CCA9B8F5810">
<hideElementsInCurrentOnly>false</hideElementsInCurrentOnly>
<backgroundColor>-16777216</backgroundColor>
<lineWidth>1</lineWidth>
<points>
<point x="1752" y="333"/>
<point x="1848" y="333"/>
</points>
</Connector>
<Connector class="oracle.dbtools.crest.swingui.relational.TVFKRelation" oid="97509074-DD90-D671-43BF-E7E4D21E8C4C" otype="FKIndexAssociation" vid_source="97596E2D-8E19-4E64-AD4A-5BE2F8B0BBEC" vid_target="A0D7E170-5691-1DDB-0285-F780835DA2DE">
<hideElementsInCurrentOnly>false</hideElementsInCurrentOnly>
<backgroundColor>-16777216</backgroundColor>
<lineWidth>1</lineWidth>
<points>
<point x="1256" y="476"/>
<point x="1256" y="574"/>
</points>
</Connector>
<Connector class="oracle.dbtools.crest.swingui.relational.TVFKRelation" oid="A36E2F94-627D-8CAA-B7CD-FF1DE3738D7F" otype="FKIndexAssociation" vid_source="97596E2D-8E19-4E64-AD4A-5BE2F8B0BBEC" vid_target="FDC3C4A6-832B-C0C2-2B12-CED052BD53BD">
<hideElementsInCurrentOnly>false</hideElementsInCurrentOnly>
<backgroundColor>-16777216</backgroundColor>
<lineWidth>1</lineWidth>
<points>
<point x="1386" y="337"/>
<point x="1411" y="337"/>
</points>
</Connector>
<Connector class="oracle.dbtools.crest.swingui.relational.TVFKRelation" oid="BB8EF4A9-5AEA-DDC6-3C14-C69108E1727C" otype="FKIndexAssociation" vid_source="5E1A20BE-D467-35F1-D8A1-6CCC7E53D92B" vid_target="A80D03DF-2C86-9D51-3A9A-C312171ED2ED">
<hideElementsInCurrentOnly>false</hideElementsInCurrentOnly>
<backgroundColor>-16777216</backgroundColor>
<lineWidth>1</lineWidth>
<points>
<point x="816" y="80"/>
<point x="1112" y="80"/>
</points>
</Connector>
<Connector class="oracle.dbtools.crest.swingui.relational.TVFKRelation" oid="EFA586D5-A925-3CB6-B3AA-56869B185995" otype="FKIndexAssociation" vid_source="49684AF7-C2E8-CAAA-D6E4-673FD4E58CFE" vid_target="97596E2D-8E19-4E64-AD4A-5BE2F8B0BBEC">
<hideElementsInCurrentOnly>false</hideElementsInCurrentOnly>
<backgroundColor>-16777216</backgroundColor>
<lineWidth>1</lineWidth>
<points>
<point x="1005" y="176"/>
<point x="1005" y="264"/>
</points>
</Connector>
<Connector class="oracle.dbtools.crest.swingui.relational.TVFKRelation" oid="F26E06CA-9A4B-3F04-2ADE-B83A27D2437E" otype="FKIndexAssociation" vid_source="78B536F1-AEB2-DCC0-B808-556D4C59671F" vid_target="9D06BC88-412F-3F80-664D-DF5812AF2FB2">
<hideElementsInCurrentOnly>false</hideElementsInCurrentOnly>
<backgroundColor>-16777216</backgroundColor>
<lineWidth>1</lineWidth>
<points>
<point x="378" y="299"/>
<point x="378" y="373"/>
</points>
</Connector>
<Connector class="oracle.dbtools.crest.swingui.relational.TVFKRelation" oid="FCD10F3B-FE06-C2FF-7B81-3D1CFCB887A9" otype="FKIndexAssociation" vid_source="0001CF22-3A91-5878-71CF-79FEA2FE640C" vid_target="9D06BC88-412F-3F80-664D-DF5812AF2FB2">
<hideElementsInCurrentOnly>false</hideElementsInCurrentOnly>
<backgroundColor>-16777216</backgroundColor>
<lineWidth>1</lineWidth>
<points>
<point x="205" y="285"/>
<point x="323" y="373"/>
</points>
</Connector>
<Connector class="oracle.dbtools.crest.swingui.relational.TVFKRelation" oid="FDF9B5C2-F17D-1B29-B0BE-F5DF0A5D8767" otype="FKIndexAssociation" vid_source="B0F7036C-3717-77F3-FEAA-2E57E52B1759" vid_target="9D06BC88-412F-3F80-664D-DF5812AF2FB2">
<hideElementsInCurrentOnly>false</hideElementsInCurrentOnly>
<backgroundColor>-16777216</backgroundColor>
<lineWidth>1</lineWidth>
<points>
<point x="235" y="407"/>
<point x="298" y="407"/>
</points>
</Connector>
</connectors>
<arcs>
<Arc class="oracle.dbtools.crest.swingui.relational.TVFKArc" oid="C7E61CED-6022-7114-9357-129F5C846469" otype="FKArc" vid="AE705779-5AE1-6430-799B-35A61518F3A5">
<hideElementsInCurrentOnly>false</hideElementsInCurrentOnly>
<bounds x="1391" y="278" width="381" height="148"/>
</Arc>
</arcs>
</Diagram>