<?xml version = '1.0' encoding = 'UTF-8'?>
<relationalModel class="oracle.dbtools.crest.model.design.relational.RelationalDesign" name="Relational_1" id="99E086AB-8155-186E-860F-FC6076F55C85" mainViewID="8B01AFE0-8BB1-D2A9-A5D3-3B281A7507CE">
<createdBy>nrivera</createdBy>
<createdTime>2025-08-31 18:29:35 UTC</createdTime>
<ownerDesignName>Residencia</ownerDesignName>
<shouldBeOpen>false</shouldBeOpen>
<selectedRDBMSSite>32076570-2523-435C-2E92-BF29817DFF70</selectedRDBMSSite>
</relationalModel>