<?xml version = '1.0' encoding = 'UTF-8'?>
<FKIndexAssociation class="oracle.dbtools.crest.model.design.relational.FKIndexAssociation" directorySegmentName="seg_0" id="05D6122B-3C9C-FC00-CA16-48DDFF93DCEF" containerWithKeyObject="90518953-6831-4AD1-CCD1-D45AAEA95BB4" localFKIndex="B98BCE22-185E-E7B4-FF89-E4BDA19B102F" name="Relation_6_PACIENTE_FK">
<createdBy>nrivera</createdBy>
<createdTime>2025-09-15 17:22:08 UTC</createdTime>
<generatorID>330EA6D9-5F43-0615-704D-B10B67978313</generatorID>
<ownerDesignName>Sumativa_2</ownerDesignName>
<referredTableLongName>PACIENTE</referredTableLongName>
<deleteRule>NO ACTION</deleteRule>
<referredTableID>8EFCFC81-82EF-5262-D0DB-BA59B426B276</referredTableID>
<keyObject>605AD7D7-D19A-F4BD-8284-F95AD9B2FE82</keyObject>
<referredKeyID>605AD7D7-D19A-F4BD-8284-F95AD9B2FE82</referredKeyID>
<mandatory>true</mandatory>
<refColNames>rut,id_paciente</refColNames>
<transferable>false</transferable>
<rely>false</rely>
<columnDependencyConstraintGenerateInDDL>true</columnDependencyConstraintGenerateInDDL>
</FKIndexAssociation>