<?xml version = '1.0' encoding = 'UTF-8'?>
<FKIndexAssociation class="oracle.dbtools.crest.model.design.relational.FKIndexAssociation" directorySegmentName="seg_0" id="07453054-6AD3-EA2A-56F6-D6CFD70BEE70" containerWithKeyObject="19DEBF18-704B-C3ED-DFF3-ACCF8436CD27" localFKIndex="271C7D14-1DEC-815C-7F46-E94A5F08DB38" name="MEDICO_FK">
<createdBy>nrivera</createdBy>
<createdTime>2025-09-16 01:52:01 UTC</createdTime>
<generatorID>1FF7002C-8307-358B-7357-59DBC2B2B0EE</generatorID>
<ownerDesignName>Sumativa_2</ownerDesignName>
<referredTableLongName>MEDICO</referredTableLongName>
<deleteRule>NO ACTION</deleteRule>
<referredTableID>E714E0B0-8DE9-DE0E-7E80-F5700D5006B7</referredTableID>
<keyObject>38123F9E-999E-BEDA-5E4E-4B2460A8DAD6</keyObject>
<referredKeyID>38123F9E-999E-BEDA-5E4E-4B2460A8DAD6</referredKeyID>
<mandatory>true</mandatory>
<refColNames>rut,id_medico</refColNames>
<transferable>false</transferable>
<rely>false</rely>
<columnDependencyConstraintGenerateInDDL>true</columnDependencyConstraintGenerateInDDL>
</FKIndexAssociation>