<?xml version = '1.0' encoding = 'UTF-8'?>
<FKIndexAssociation class="oracle.dbtools.crest.model.design.relational.FKIndexAssociation" directorySegmentName="seg_0" id="1085DAD7-94B6-182D-46CD-654BF2C7CBC9" containerWithKeyObject="19DEBF18-704B-C3ED-DFF3-ACCF8436CD27" localFKIndex="1815A436-B84E-3844-EA60-7D0E668440B6" name="ATENCION_MEDICA_FK">
<createdBy>nrivera</createdBy>
<createdTime>2025-09-16 01:52:01 UTC</createdTime>
<generatorID>1FF7002C-8307-358B-7357-59DBC2B2B0EE</generatorID>
<ownerDesignName>Sumativa_2</ownerDesignName>
<referredTableLongName>ATENCION_MEDICA</referredTableLongName>
<deleteRule>NO ACTION</deleteRule>
<referredTableID>A5CAFD13-A21A-5275-7095-8B1ECEC8D180</referredTableID>
<keyObject>22320E5E-1FB4-F2D8-DF9B-429EDAA72D77</keyObject>
<referredKeyID>22320E5E-1FB4-F2D8-DF9B-429EDAA72D77</referredKeyID>
<mandatory>true</mandatory>
<refColNames>id_atencion</refColNames>
<transferable>false</transferable>
<rely>false</rely>
<columnDependencyConstraintGenerateInDDL>true</columnDependencyConstraintGenerateInDDL>
</FKIndexAssociation>