<?xml version = '1.0' encoding = 'UTF-8'?>
<FKIndexAssociation class="oracle.dbtools.crest.model.design.relational.FKIndexAssociation" directorySegmentName="seg_0" id="59900A40-26FD-5167-5961-756B0E644365" containerWithKeyObject="572CAFEB-6D2D-FA9A-85E7-0EA3EF43BFD3" localFKIndex="167BF700-3967-0DE3-BD98-96D96D1907D6" name="DIAGNOSTICO_FK">
<createdBy>nrivera</createdBy>
<createdTime>2025-09-16 01:52:01 UTC</createdTime>
<generatorID>931CF996-C0C9-6E84-7987-B1B42CBA8437</generatorID>
<ownerDesignName>Sumativa_2</ownerDesignName>
<referredTableLongName>DIAGNOSTICO</referredTableLongName>
<deleteRule>NO ACTION</deleteRule>
<referredTableID>D77ACF09-BE74-E2CB-29E2-4A2270AFCA04</referredTableID>
<keyObject>2F9F7BA4-66B3-A0C1-FFE0-5148D2E005AE</keyObject>
<referredKeyID>2F9F7BA4-66B3-A0C1-FFE0-5148D2E005AE</referredKeyID>
<mandatory>true</mandatory>
<refColNames>id_diagnostico</refColNames>
<transferable>false</transferable>
<rely>false</rely>
<columnDependencyConstraintGenerateInDDL>true</columnDependencyConstraintGenerateInDDL>
</FKIndexAssociation>