<?xml version = '1.0' encoding = 'UTF-8'?>
<FKIndexAssociation class="oracle.dbtools.crest.model.design.relational.FKIndexAssociation" directorySegmentName="seg_0" id="6392C1D6-2063-512A-03D2-973B89BB0DB7" containerWithKeyObject="F70ACEAD-0A5B-880A-B7AC-C6F60D28BAE5" localFKIndex="3E293B89-222D-D984-EFA9-87FA8807002B" name="DIRECCION_COMUNA_FK">
<createdBy>nrivera</createdBy>
<createdTime>2025-09-16 01:52:01 UTC</createdTime>
<generatorID>185CC152-500C-4F44-A973-D1F56A9FAFC1</generatorID>
<ownerDesignName>Sumativa_2</ownerDesignName>
<referredTableLongName>COMUNA</referredTableLongName>
<deleteRule>NO ACTION</deleteRule>
<referredTableID>C4A64E65-CC4A-4BDC-1321-31EFF8B0EE5A</referredTableID>
<keyObject>C545B591-7A04-04EB-49F3-D875F52CA4E0</keyObject>
<referredKeyID>C545B591-7A04-04EB-49F3-D875F52CA4E0</referredKeyID>
<mandatory>true</mandatory>
<refColNames>id_comuna</refColNames>
<transferable>false</transferable>
<rely>false</rely>
<columnDependencyConstraintGenerateInDDL>true</columnDependencyConstraintGenerateInDDL>
</FKIndexAssociation>