<?xml version = '1.0' encoding = 'UTF-8'?>
<FKIndexAssociation class="oracle.dbtools.crest.model.design.relational.FKIndexAssociation" directorySegmentName="seg_0" id="8388DED4-3375-0159-7732-597AEF0CA9D4" containerWithKeyObject="06251FA5-9FFA-CF29-BD6D-D2EB4ABDFA83" localFKIndex="656E905F-189D-5767-6519-FA3571DA41CE" name="SOLICITUD_EXAMEN_EXAMENES_LABORATORIO_FK">
<createdBy>nrivera</createdBy>
<createdTime>2025-09-16 01:52:01 UTC</createdTime>
<generatorID>A42B50A3-111E-A599-01BB-410E31855ECD</generatorID>
<ownerDesignName>Sumativa_2</ownerDesignName>
<referredTableLongName>EXAMENES_LABORATORIO</referredTableLongName>
<deleteRule>NO ACTION</deleteRule>
<referredTableID>D2864D34-4C13-86BD-5FA1-FD2AE834CECB</referredTableID>
<keyObject>FEF9D4DC-DCC0-C109-6E68-300F0B8685C9</keyObject>
<referredKeyID>FEF9D4DC-DCC0-C109-6E68-300F0B8685C9</referredKeyID>
<mandatory>true</mandatory>
<refColNames>id_examen</refColNames>
<transferable>false</transferable>
<rely>false</rely>
<columnDependencyConstraintGenerateInDDL>true</columnDependencyConstraintGenerateInDDL>
</FKIndexAssociation>