<?xml version = '1.0' encoding = 'UTF-8'?>
<FKIndexAssociation class="oracle.dbtools.crest.model.design.relational.FKIndexAssociation" directorySegmentName="seg_0" id="852B04A1-72C7-DD9A-2D9D-C4A10251F784" containerWithKeyObject="F185783B-BA7E-CCE2-1AAD-31450241253E" localFKIndex="7C4F2895-2999-C6DD-F22C-C968870E95B5" name="TRANSFERENCIA_PAGO_FK">
<createdBy>nrivera</createdBy>
<createdTime>2025-09-16 01:52:01 UTC</createdTime>
<generatorID>B77FB5C3-BBC6-338F-5CFE-CCD4E5DEDAFB</generatorID>
<ownerDesignName>Sumativa_2</ownerDesignName>
<referredTableLongName>PAGO</referredTableLongName>
<arc>C7E61CED-6022-7114-9357-129F5C846469</arc>
<deleteRule>NO ACTION</deleteRule>
<referredTableID>9F5CC96A-9394-FB32-0914-C070DEB80B8F</referredTableID>
<keyObject>D13DB6FA-A849-4D4B-9E2D-D9DA897582D2</keyObject>
<referredKeyID>D13DB6FA-A849-4D4B-9E2D-D9DA897582D2</referredKeyID>
<mandatory>true</mandatory>
<refColNames>id_pago</refColNames>
<transferable>true</transferable>
<rely>false</rely>
<columnDependencyConstraintGenerateInDDL>true</columnDependencyConstraintGenerateInDDL>
</FKIndexAssociation>