<?xml version = '1.0' encoding = 'UTF-8'?>
<FKIndexAssociation class="oracle.dbtools.crest.model.design.relational.FKIndexAssociation" directorySegmentName="seg_0" id="85ABF9F7-F4C5-8B53-FA3B-70727FDF8990" containerWithKeyObject="367D6361-69A0-6233-FF53-531FB07F68FE" localFKIndex="78F3F2DF-F886-8988-9012-3547FB94BE53" name="EFECTIVO_PAGO_FK">
<createdBy>nrivera</createdBy>
<createdTime>2025-09-16 01:52:01 UTC</createdTime>
<generatorID>E54D202E-68D6-B246-5FC1-1B65010323E9</generatorID>
<ownerDesignName>Sumativa_2</ownerDesignName>
<referredTableLongName>PAGO</referredTableLongName>
<arc>C7E61CED-6022-7114-9357-129F5C846469</arc>
<deleteRule>NO ACTION</deleteRule>
<referredTableID>9F5CC96A-9394-FB32-0914-C070DEB80B8F</referredTableID>
<keyObject>D13DB6FA-A849-4D4B-9E2D-D9DA897582D2</keyObject>
<referredKeyID>D13DB6FA-A849-4D4B-9E2D-D9DA897582D2</referredKeyID>
<mandatory>true</mandatory>
<refColNames>id_pago</refColNames>
<transferable>true</transferable>
<rely>false</rely>
<columnDependencyConstraintGenerateInDDL>true</columnDependencyConstraintGenerateInDDL>
</FKIndexAssociation>