<?xml version = '1.0' encoding = 'UTF-8'?>
<FKIndexAssociation class="oracle.dbtools.crest.model.design.relational.FKIndexAssociation" directorySegmentName="seg_0" id="97509074-DD90-D671-43BF-E7E4D21E8C4C" containerWithKeyObject="572CAFEB-6D2D-FA9A-85E7-0EA3EF43BFD3" localFKIndex="B02C000C-9960-C9CC-6BF6-7E14F5910798" name="ATENCION_MEDICA_FKv1">
<createdBy>nrivera</createdBy>
<createdTime>2025-09-16 01:52:01 UTC</createdTime>
<generatorID>931CF996-C0C9-6E84-7987-B1B42CBA8437</generatorID>
<ownerDesignName>Sumativa_2</ownerDesignName>
<referredTableLongName>ATENCION_MEDICA</referredTableLongName>
<deleteRule>NO ACTION</deleteRule>
<referredTableID>A5CAFD13-A21A-5275-7095-8B1ECEC8D180</referredTableID>
<keyObject>22320E5E-1FB4-F2D8-DF9B-429EDAA72D77</keyObject>
<referredKeyID>22320E5E-1FB4-F2D8-DF9B-429EDAA72D77</referredKeyID>
<mandatory>true</mandatory>
<refColNames>id_atencion</refColNames>
<transferable>false</transferable>
<rely>false</rely>
<columnDependencyConstraintGenerateInDDL>true</columnDependencyConstraintGenerateInDDL>
</FKIndexAssociation>