<?xml version = '1.0' encoding = 'UTF-8'?>
<FKIndexAssociation class="oracle.dbtools.crest.model.design.relational.FKIndexAssociation" directorySegmentName="seg_0" id="BB8EF4A9-5AEA-DDC6-3C14-C69108E1727C" containerWithKeyObject="90518953-6831-4AD1-CCD1-D45AAEA95BB4" localFKIndex="91B342E5-16CC-EC15-ADCF-9864F986FF5A" name="Relation_6_DIRECCION_FK">
<createdBy>nrivera</createdBy>
<createdTime>2025-09-15 17:22:08 UTC</createdTime>
<generatorID>330EA6D9-5F43-0615-704D-B10B67978313</generatorID>
<ownerDesignName>Sumativa_2</ownerDesignName>
<referredTableLongName>DIRECCION</referredTableLongName>
<deleteRule>NO ACTION</deleteRule>
<referredTableID>F70ACEAD-0A5B-880A-B7AC-C6F60D28BAE5</referredTableID>
<keyObject>7FF07F02-5726-763A-9A86-55392EACC9C3</keyObject>
<referredKeyID>7FF07F02-5726-763A-9A86-55392EACC9C3</referredKeyID>
<mandatory>true</mandatory>
<refColNames>id_direccion</refColNames>
<transferable>false</transferable>
<rely>false</rely>
<columnDependencyConstraintGenerateInDDL>true</columnDependencyConstraintGenerateInDDL>
</FKIndexAssociation>