<?xml version = '1.0' encoding = 'UTF-8'?>
<FKIndexAssociation class="oracle.dbtools.crest.model.design.relational.FKIndexAssociation" directorySegmentName="seg_0" id="EFA586D5-A925-3CB6-B3AA-56869B185995" containerWithKeyObject="A5CAFD13-A21A-5275-7095-8B1ECEC8D180" localFKIndex="80F57FDC-F88A-E921-7231-F370A4A059F5" name="ATENCION_MEDICA_PACIENTE_FK">
<createdBy>nrivera</createdBy>
<createdTime>2025-09-16 01:52:01 UTC</createdTime>
<generatorID>D5F01D73-D70A-BE91-8B94-64CD501D43D4</generatorID>
<ownerDesignName>Sumativa_2</ownerDesignName>
<referredTableLongName>PACIENTE</referredTableLongName>
<deleteRule>NO ACTION</deleteRule>
<referredTableID>8EFCFC81-82EF-5262-D0DB-BA59B426B276</referredTableID>
<keyObject>605AD7D7-D19A-F4BD-8284-F95AD9B2FE82</keyObject>
<referredKeyID>605AD7D7-D19A-F4BD-8284-F95AD9B2FE82</referredKeyID>
<mandatory>true</mandatory>
<refColNames>rut,id_paciente</refColNames>
<transferable>false</transferable>
<rely>false</rely>
<columnDependencyConstraintGenerateInDDL>true</columnDependencyConstraintGenerateInDDL>
</FKIndexAssociation>