<?xml version = '1.0' encoding = 'UTF-8'?>
<FKIndexAssociation class="oracle.dbtools.crest.model.design.relational.FKIndexAssociation" directorySegmentName="seg_0" id="F26E06CA-9A4B-3F04-2ADE-B83A27D2437E" containerWithKeyObject="E714E0B0-8DE9-DE0E-7E80-F5700D5006B7" localFKIndex="F414CA39-BA48-694D-A066-A28CF15DE621" name="MEDICO_INSTITUCION_SALUD_FK">
<createdBy>nrivera</createdBy>
<createdTime>2025-09-16 01:52:01 UTC</createdTime>
<generatorID>AB2B23DF-90EF-F13A-E9FE-3920D1CFCA4C</generatorID>
<ownerDesignName>Sumativa_2</ownerDesignName>
<referredTableLongName>INSTITUCION_SALUD</referredTableLongName>
<deleteRule>NO ACTION</deleteRule>
<referredTableID>7B652165-1738-2F1E-54DD-1B304DB0B676</referredTableID>
<keyObject>E00AE78F-A2EE-A8FE-E0E1-EB69A2F74CFB</keyObject>
<referredKeyID>E00AE78F-A2EE-A8FE-E0E1-EB69A2F74CFB</referredKeyID>
<mandatory>true</mandatory>
<refColNames>id_institucion</refColNames>
<transferable>false</transferable>
<rely>false</rely>
<columnDependencyConstraintGenerateInDDL>true</columnDependencyConstraintGenerateInDDL>
</FKIndexAssociation>