<?xml version = '1.0' encoding = 'UTF-8'?>
<FKIndexAssociation class="oracle.dbtools.crest.model.design.relational.FKIndexAssociation" directorySegmentName="seg_0" id="FCD10F3B-FE06-C2FF-7B81-3D1CFCB887A9" containerWithKeyObject="E714E0B0-8DE9-DE0E-7E80-F5700D5006B7" localFKIndex="C623ED58-9AB1-57F4-2DC9-3D781CBB5F39" name="MEDICO_AFP_FK">
<createdBy>nrivera</createdBy>
<createdTime>2025-09-16 01:52:01 UTC</createdTime>
<generatorID>B20715B5-AAAC-39BF-F70B-38F01AFBE978</generatorID>
<ownerDesignName>Sumativa_2</ownerDesignName>
<referredTableLongName>AFP</referredTableLongName>
<deleteRule>NO ACTION</deleteRule>
<referredTableID>042F2A17-6A1A-C75D-91FC-635203841FB0</referredTableID>
<keyObject>D7E17096-BAED-FD64-159C-BA656510D97E</keyObject>
<referredKeyID>D7E17096-BAED-FD64-159C-BA656510D97E</referredKeyID>
<mandatory>true</mandatory>
<refColNames>id_afp</refColNames>
<transferable>false</transferable>
<rely>false</rely>
<columnDependencyConstraintGenerateInDDL>true</columnDependencyConstraintGenerateInDDL>
</FKIndexAssociation>