<?xml version = '1.0' encoding = 'UTF-8'?>
<FKIndexAssociation class="oracle.dbtools.crest.model.design.relational.FKIndexAssociation" directorySegmentName="seg_0" id="FDF9B5C2-F17D-1B29-B0BE-F5DF0A5D8767" containerWithKeyObject="E714E0B0-8DE9-DE0E-7E80-F5700D5006B7" localFKIndex="6D6CED86-B27E-7729-ED9A-2293D429F326" name="MEDICO_ESPECIALIDAD_FK">
<createdBy>nrivera</createdBy>
<createdTime>2025-09-16 01:52:01 UTC</createdTime>
<generatorID>FAB6723A-3476-6CAE-FC47-85536CF1C33C</generatorID>
<ownerDesignName>Sumativa_2</ownerDesignName>
<referredTableLongName>ESPECIALIDAD</referredTableLongName>
<deleteRule>NO ACTION</deleteRule>
<referredTableID>5EF692A5-E8AE-3AB8-CCB8-18BF436DAAB6</referredTableID>
<keyObject>527469EA-ECEB-F41E-0881-7BCC2DD095A7</keyObject>
<referredKeyID>527469EA-ECEB-F41E-0881-7BCC2DD095A7</referredKeyID>
<mandatory>true</mandatory>
<refColNames>id_especialidad</refColNames>
<transferable>false</transferable>
<rely>false</rely>
<columnDependencyConstraintGenerateInDDL>true</columnDependencyConstraintGenerateInDDL>
</FKIndexAssociation>