<?xml version = '1.0' encoding = 'UTF-8'?>
<Relation class="oracle.dbtools.crest.model.design.logical.InheritanceRelation" name="Hierarchy_4" directorySegmentName="seg_0" id="D37C3596-5901-1ECF-9F59-8DFE3461ABE2">
<createdBy>nrivera</createdBy>
<createdTime>2025-08-31 20:21:03 UTC</createdTime>
<ownerDesignName>Residencia</ownerDesignName>
<engineerTo>
<item key="99E086AB-8155-186E-860F-FC6076F55C85" value="true"/>
</engineerTo>
<identifying>false</identifying>
<nameOnSource>Super Type</nameOnSource>
<nameOnTarget>Sub Type</nameOnTarget>
<optionalSource>true</optionalSource>
<optionalTarget>true</optionalTarget>
<sourceEntity>A82B3D23-CBD1-106D-3282-D1FC7CF6E5EF</sourceEntity>
<targetEntity>239A9A6E-0329-A6F6-92C5-2E784F846CC1</targetEntity>
<transferable>true</transferable>
<deleteRule>NO ACTION</deleteRule>
</Relation>