<?xml version = '1.0' encoding = 'UTF-8'?>
<FKArc class="oracle.dbtools.crest.model.design.relational.FKArc" directorySegmentName="seg_0" id="C7E61CED-6022-7114-9357-129F5C846469" name="FKArc_1">
<createdBy>nrivera</createdBy>
<createdTime>2025-09-16 01:52:01 UTC</createdTime>
<ownerDesignName>Sumativa_2</ownerDesignName>
<mandatory>false</mandatory>
<reverseArc>true</reverseArc>
<table>9F5CC96A-9394-FB32-0914-C070DEB80B8F</table>
<fkeys>
<fkeyID>85ABF9F7-F4C5-8B53-FA3B-70727FDF8990</fkeyID>
<fkeyID>141C1B67-AD50-86B6-839D-08C75C517B04</fkeyID>
<fkeyID>852B04A1-72C7-DD9A-2D9D-C4A10251F784</fkeyID>
</fkeys>
</FKArc>