<?xml version = '1.0' encoding = 'UTF-8'?>
<Arc class="oracle.dbtools.crest.model.design.logical.Arc" directorySegmentName="seg_0" id="A7F9912E-7D86-101F-1ECA-0F1B6EA5A9D7" name="Arc_2">
<createdBy>nrivera</createdBy>
<createdTime>2025-09-01 01:34:34 UTC</createdTime>
<ownerDesignName>Residencia</ownerDesignName>
<engineerTo>
<item key="99E086AB-8155-186E-860F-FC6076F55C85" value="true"/>
</engineerTo>
<entity>A82B3D23-CBD1-106D-3282-D1FC7CF6E5EF</entity>
<relations>
<relationID>F01C206C-4CDD-1387-3B1B-B29500AA77D6</relationID>
<relationID>D37C3596-5901-1ECF-9F59-8DFE3461ABE2</relationID>
</relations>
</Arc>