<?xml version = '1.0' encoding = 'UTF-8'?>
<Relation class="oracle.dbtools.crest.model.design.logical.Relation" name="Relation_16" directorySegmentName="seg_0" id="0C11BA44-E5AF-6285-396F-E579FFB1813B">
<createdBy>nrivera</createdBy>
<createdTime>2025-09-15 18:14:43 UTC</createdTime>
<ownerDesignName>Sumativa_2</ownerDesignName>
<engineerTo>
<item key="479F9C62-D3B0-7A2A-E200-DF329A31F2EB" value="true"/>
</engineerTo>
<sourceTransferable>false</sourceTransferable>
<targetTransferable>false</targetTransferable>
<sourcePk>20C6D74B-DF9F-A735-3385-A9ABFAC32C84</sourcePk>
<identifying>false</identifying>
<optionalSource>true</optionalSource>
<optionalTarget>false</optionalTarget>
<sourceCardinality>1</sourceCardinality>
<sourceEntity>FD69A765-67A0-4A57-B209-4F72C13ADB4D</sourceEntity>
<targetCardinalityString>*</targetCardinalityString>
<targetEntity>F0DE8F5F-A24A-6E6B-52AB-D78E6EF3C8D7</targetEntity>
<transferable>true</transferable>
<deleteRule>NO ACTION</deleteRule>
</Relation>