<?xml version = '1.0' encoding = 'UTF-8'?>
<Relation class="oracle.dbtools.crest.model.design.logical.Relation" name="Relation_7" directorySegmentName="seg_0" id="185CC152-500C-4F44-A973-D1F56A9FAFC1">
<createdBy>nrivera</createdBy>
<createdTime>2025-09-15 17:24:26 UTC</createdTime>
<ownerDesignName>Sumativa_2</ownerDesignName>
<engineerTo>
<item key="479F9C62-D3B0-7A2A-E200-DF329A31F2EB" value="true"/>
</engineerTo>
<sourceTransferable>false</sourceTransferable>
<targetTransferable>false</targetTransferable>
<sourcePk>7A764EDA-3CE8-446D-CAED-140764DCB619</sourcePk>
<identifying>false</identifying>
<optionalSource>true</optionalSource>
<optionalTarget>false</optionalTarget>
<sourceCardinality>1</sourceCardinality>
<sourceEntity>98A61622-6E77-D55A-498B-69E4F922CCE8</sourceEntity>
<targetCardinalityString>*</targetCardinalityString>
<targetEntity>BBB7CD34-1C9E-68C1-637B-3E8BFC17F920</targetEntity>
<transferable>true</transferable>
<deleteRule>NO ACTION</deleteRule>
</Relation>