<?xml version = '1.0' encoding = 'UTF-8'?>
<Relation class="oracle.dbtools.crest.model.design.logical.Relation" name="Relation_12" directorySegmentName="seg_0" id="1FF7002C-8307-358B-7357-59DBC2B2B0EE">
<createdBy>nrivera</createdBy>
<createdTime>2025-09-15 17:55:18 UTC</createdTime>
<ownerDesignName>Sumativa_2</ownerDesignName>
<engineerTo>
<item key="479F9C62-D3B0-7A2A-E200-DF329A31F2EB" value="true"/>
</engineerTo>
<sourceTransferable>false</sourceTransferable>
<targetTransferable>false</targetTransferable>
<identifying>false</identifying>
<optionalSource>false</optionalSource>
<optionalTarget>true</optionalTarget>
<sourceCardinality>*</sourceCardinality>
<sourceEntity>FD69A765-67A0-4A57-B209-4F72C13ADB4D</sourceEntity>
<targetCardinalityString>*</targetCardinalityString>
<targetEntity>06E9D080-ABF0-772D-1E3C-A636630851E3</targetEntity>
<transferable>true</transferable>
<deleteRule>NO ACTION</deleteRule>
</Relation>