<?xml version = '1.0' encoding = 'UTF-8'?>
<Relation class="oracle.dbtools.crest.model.design.logical.Relation" name="Relation_6" directorySegmentName="seg_0" id="330EA6D9-5F43-0615-704D-B10B67978313">
<createdBy>nrivera</createdBy>
<createdTime>2025-09-15 17:16:31 UTC</createdTime>
<ownerDesignName>Sumativa_2</ownerDesignName>
<engineerTo>
<item key="479F9C62-D3B0-7A2A-E200-DF329A31F2EB" value="true"/>
</engineerTo>
<sourceTransferable>false</sourceTransferable>
<targetTransferable>false</targetTransferable>
<identifying>false</identifying>
<optionalSource>false</optionalSource>
<optionalTarget>false</optionalTarget>
<sourceCardinality>*</sourceCardinality>
<sourceEntity>BBB7CD34-1C9E-68C1-637B-3E8BFC17F920</sourceEntity>
<targetCardinalityString>*</targetCardinalityString>
<targetEntity>5735538B-BDE0-0B19-5821-BC2DFE39042A</targetEntity>
<transferable>true</transferable>
<deleteRule>NO ACTION</deleteRule>
</Relation>