<?xml version = '1.0' encoding = 'UTF-8'?>
<Relation class="oracle.dbtools.crest.model.design.logical.Relation" name="Relation_19" directorySegmentName="seg_0" id="6DB04676-9F55-8B1E-D939-9BA60C1039E7">
<createdBy>nrivera</createdBy>
<createdTime>2025-09-16 00:02:06 UTC</createdTime>
<ownerDesignName>Sumativa_2</ownerDesignName>
<engineerTo>
<item key="479F9C62-D3B0-7A2A-E200-DF329A31F2EB" value="true"/>
</engineerTo>
<sourceTransferable>false</sourceTransferable>
<targetTransferable>false</targetTransferable>
<targetPk>F1EAAE64-1472-3FD9-5C6D-D4AF12A85EE4</targetPk>
<identifying>false</identifying>
<optionalSource>true</optionalSource>
<optionalTarget>true</optionalTarget>
<sourceCardinality>1</sourceCardinality>
<sourceEntity>06E9D080-ABF0-772D-1E3C-A636630851E3</sourceEntity>
<targetCardinalityString>*</targetCardinalityString>
<targetEntity>06E9D080-ABF0-772D-1E3C-A636630851E3</targetEntity>
<transferable>true</transferable>
<deleteRule>NO ACTION</deleteRule>
</Relation>