<?xml version = '1.0' encoding = 'UTF-8'?>
<Relation class="oracle.dbtools.crest.model.design.logical.Relation" name="Relation_4" directorySegmentName="seg_0" id="7C74FAC2-C05F-68B2-EC18-376F7EB351E3">
<createdBy>nrivera</createdBy>
<createdTime>2025-09-15 17:13:14 UTC</createdTime>
<ownerDesignName>Sumativa_2</ownerDesignName>
<engineerTo>
<item key="479F9C62-D3B0-7A2A-E200-DF329A31F2EB" value="true"/>
</engineerTo>
<sourceTransferable>false</sourceTransferable>
<targetTransferable>false</targetTransferable>
<sourcePk>AF4114A8-B40D-BF53-5B31-493C6746A33D</sourcePk>
<identifying>false</identifying>
<optionalSource>true</optionalSource>
<optionalTarget>false</optionalTarget>
<sourceCardinality>1</sourceCardinality>
<sourceEntity>127CE664-FA37-EA69-E718-A1EB5939A2B5</sourceEntity>
<targetCardinalityString>*</targetCardinalityString>
<targetEntity>98A61622-6E77-D55A-498B-69E4F922CCE8</targetEntity>
<transferable>true</transferable>
<deleteRule>NO ACTION</deleteRule>
</Relation>