<?xml version = '1.0' encoding = 'UTF-8'?>
<Relation class="oracle.dbtools.crest.model.design.logical.Relation" name="Relation_18" directorySegmentName="seg_0" id="931CF996-C0C9-6E84-7987-B1B42CBA8437">
<createdBy>nrivera</createdBy>
<createdTime>2025-09-15 23:16:15 UTC</createdTime>
<ownerDesignName>Sumativa_2</ownerDesignName>
<engineerTo>
<item key="479F9C62-D3B0-7A2A-E200-DF329A31F2EB" value="true"/>
</engineerTo>
<sourceTransferable>false</sourceTransferable>
<targetTransferable>false</targetTransferable>
<identifying>false</identifying>
<optionalSource>true</optionalSource>
<optionalTarget>true</optionalTarget>
<sourceCardinality>*</sourceCardinality>
<sourceEntity>FD69A765-67A0-4A57-B209-4F72C13ADB4D</sourceEntity>
<targetCardinalityString>*</targetCardinalityString>
<targetEntity>840AB4E5-8139-5D50-3B6D-F368584099FB</targetEntity>
<transferable>true</transferable>
<deleteRule>NO ACTION</deleteRule>
</Relation>