<?xml version = '1.0' encoding = 'UTF-8'?>
<Relation class="oracle.dbtools.crest.model.design.logical.Relation" name="Relation_13" directorySegmentName="seg_0" id="9B00CBD4-4345-0FE9-B53C-0C1FAC127828">
<createdBy>nrivera</createdBy>
<createdTime>2025-09-15 17:57:58 UTC</createdTime>
<ownerDesignName>Sumativa_2</ownerDesignName>
<engineerTo>
<item key="479F9C62-D3B0-7A2A-E200-DF329A31F2EB" value="true"/>
</engineerTo>
<sourceTransferable>false</sourceTransferable>
<targetTransferable>false</targetTransferable>
<sourcePk>6050D44B-F193-2562-4191-EBD71A1FA885</sourcePk>
<targetPk>20C6D74B-DF9F-A735-3385-A9ABFAC32C84</targetPk>
<identifying>false</identifying>
<optionalSource>false</optionalSource>
<optionalTarget>false</optionalTarget>
<sourceCardinality>1</sourceCardinality>
<sourceEntity>7353DC78-6DC1-37FA-B669-D6B6823B0C2C</sourceEntity>
<targetCardinalityString>1</targetCardinalityString>
<targetEntity>FD69A765-67A0-4A57-B209-4F72C13ADB4D</targetEntity>
<transferable>true</transferable>
<deleteRule>NO ACTION</deleteRule>
</Relation>