<?xml version = '1.0' encoding = 'UTF-8'?>
<Diagram class="oracle.dbtools.crest.swingui.logical.DPVLogical" name="Logical" id="BF9D3D8C-E353-84C9-36B6-411D5B0C85BA">
<createdBy>nrivera</createdBy>
<modifiedBy>nrivera</modifiedBy>
<createdTime>2025-08-31 18:30:23 UTC</createdTime>
<autoRoute>false</autoRoute>
<boxInbox>false</boxInbox>
<showLegend>false</showLegend>
<showLabels>true</showLabels>
<showRelAttributes>false</showRelAttributes>
<gridEnabled>false</gridEnabled>
<showGrid>false</showGrid>
<diagramColor>-1</diagramColor>
<display>false</display>
<notation>0</notation>
<objectViews>
<OView class="oracle.dbtools.crest.swingui.logical.TVEntity" oid="2031F20E-E995-49ED-D63E-2E6FC69DB73B" otype="Entity" vid="65B07CFA-7D6B-8D7E-D8F1-D4736DA5DFD3">
<hideElementsInCurrentOnly>false</hideElementsInCurrentOnly>
<bounds x="851" y="392" width="205" height="97"/>
</OView>
<OView class="oracle.dbtools.crest.swingui.logical.TVEntity" oid="2325B273-FD6F-5493-6E17-519C683D960F" otype="Entity" vid="9FCF1CB8-D50F-41D8-5B28-9A9248B293AF">
<hideElementsInCurrentOnly>false</hideElementsInCurrentOnly>
<bounds x="545" y="50" width="249" height="97"/>
</OView>
<OView class="oracle.dbtools.crest.swingui.logical.TVEntity" oid="239A9A6E-0329-A6F6-92C5-2E784F846CC1" otype="Entity" vid="2210E75B-0F27-E0EE-D6F7-E7A574415B81">
<hideElementsInCurrentOnly>false</hideElementsInCurrentOnly>
<bounds x="1078" y="237" width="201" height="51"/>
</OView>
<OView class="oracle.dbtools.crest.swingui.logical.TVEntity" oid="34F4CC09-7314-F19E-0051-1118FC659E16" otype="Entity" vid="C6C5A09D-C2C5-7751-FAAB-F388A89E1C08">
<hideElementsInCurrentOnly>false</hideElementsInCurrentOnly>
<bounds x="276" y="54" width="192" height="84"/>
</OView>
<OView class="oracle.dbtools.crest.swingui.logical.TVEntity" oid="5479D642-7C7B-6B79-F648-EAF93B11A6C1" otype="Entity" vid="0494940F-DAAF-62FA-C2B5-221B0868FB3F">
<hideElementsInCurrentOnly>false</hideElementsInCurrentOnly>
<bounds x="648" y="206" width="205" height="123"/>
</OView>
<OView class="oracle.dbtools.crest.swingui.logical.TVEntity" oid="62340427-52F4-D404-ED4F-0F4175658327" otype="Entity" vid="2E40E1A8-7B3D-2A8D-6C11-9E915F6BA355">
<hideElementsInCurrentOnly>false</hideElementsInCurrentOnly>
<bounds x="364" y="389" width="216" height="123"/>
</OView>
<OView class="oracle.dbtools.crest.swingui.logical.TVEntity" oid="68FE56A3-3625-2B2C-3751-80509FCB0A7D" otype="Entity" vid="1BC3EF5B-7E6A-4DE5-CF8C-B128B9722640">
<hideElementsInCurrentOnly>false</hideElementsInCurrentOnly>
<bounds x="885" y="237" width="182" height="38"/>
</OView>
<OView class="oracle.dbtools.crest.swingui.logical.TVEntity" oid="6E56E823-4EE2-16C3-3BB9-419C57A27BF5" otype="Entity" vid="47EC68D7-DC86-487C-7E07-8B40306C9CAC">
<hideElementsInCurrentOnly>false</hideElementsInCurrentOnly>
<bounds x="343" y="207" width="243" height="136"/>
</OView>
<OView class="oracle.dbtools.crest.swingui.logical.TVEntity" oid="704968D0-9562-5F68-E031-4AA94AD8BF0D" otype="Entity" vid="A4BCA1D0-48E9-68C9-C302-430ED5F94F5E">
<hideElementsInCurrentOnly>false</hideElementsInCurrentOnly>
<bounds x="51" y="59" width="185" height="71"/>
</OView>
<OView class="oracle.dbtools.crest.swingui.logical.TVEntity" oid="A82B3D23-CBD1-106D-3282-D1FC7CF6E5EF" otype="Entity" vid="7311995A-C116-7408-6709-69B62F32F9F8">
<hideElementsInCurrentOnly>false</hideElementsInCurrentOnly>
<bounds x="983" y="28" width="243" height="123"/>
</OView>
<OView class="oracle.dbtools.crest.swingui.logical.TVEntity" oid="DC48AC61-A8DD-EC56-17A9-8F16558B58D9" otype="Entity" vid="4F2BCCDE-F9D7-BD2C-BD72-40FE6183BF3D">
<hideElementsInCurrentOnly>false</hideElementsInCurrentOnly>
<bounds x="59" y="205" width="243" height="123"/>
</OView>
<OView class="oracle.dbtools.crest.swingui.logical.TVEntity" oid="DEB62920-FC1C-0A65-9E42-C8C65C8AFFB9" otype="Entity" vid="2CAFC666-1AA5-3BED-0AE0-A73054FFE61F">
<hideElementsInCurrentOnly>false</hideElementsInCurrentOnly>
<bounds x="654" y="390" width="183" height="110"/>
</OView>
<OView class="oracle.dbtools.crest.swingui.logical.TVEntity" oid="E84D4321-FB3D-12DE-BE2E-0C6F5BBB90E3" otype="Entity" vid="8D0BB810-E968-0DBB-9AAB-F2B65C208F4E">
<hideElementsInCurrentOnly>false</hideElementsInCurrentOnly>
<bounds x="62" y="392" width="218" height="110"/>
</OView>
</objectViews>
<connectors>
<Connector class="oracle.dbtools.crest.swingui.logical.TVRelation" oid="15DB23EE-7D90-452D-5322-D1C3200A5814" otype="Relation" vid_source="9FCF1CB8-D50F-41D8-5B28-9A9248B293AF" vid_target="47EC68D7-DC86-487C-7E07-8B40306C9CAC">
<hideElementsInCurrentOnly>false</hideElementsInCurrentOnly>
<backgroundColor>-16777216</backgroundColor>
<lineWidth>1</lineWidth>
<points>
<point x="565" y="147"/>
<point x="565" y="207"/>
</points>
</Connector>
<Connector class="oracle.dbtools.crest.swingui.logical.TVRelation" oid="19ED17A4-E802-29A6-4E5F-BD5E1A0206FB" otype="Relation" vid_source="8D0BB810-E968-0DBB-9AAB-F2B65C208F4E" vid_target="2E40E1A8-7B3D-2A8D-6C11-9E915F6BA355">
<hideElementsInCurrentOnly>false</hideElementsInCurrentOnly>
<backgroundColor>-16777216</backgroundColor>
<lineWidth>1</lineWidth>
<points>
<point x="280" y="447"/>
<point x="364" y="447"/>
</points>
</Connector>
<Connector class="oracle.dbtools.crest.swingui.logical.TVRelation" oid="35AFCC45-2C7F-5317-5660-073463C14C79" otype="Relation" vid_source="2E40E1A8-7B3D-2A8D-6C11-9E915F6BA355" vid_target="2CAFC666-1AA5-3BED-0AE0-A73054FFE61F">
<hideElementsInCurrentOnly>false</hideElementsInCurrentOnly>
<backgroundColor>-16777216</backgroundColor>
<lineWidth>1</lineWidth>
<points>
<point x="580" y="432"/>
<point x="654" y="432"/>
</points>
</Connector>
<Connector class="oracle.dbtools.crest.swingui.logical.TVRelation" oid="6AD809FF-DA2C-BE0D-C6A0-C9FE8C36AB81" otype="Relation" vid_source="0494940F-DAAF-62FA-C2B5-221B0868FB3F" vid_target="65B07CFA-7D6B-8D7E-D8F1-D4736DA5DFD3">
<hideElementsInCurrentOnly>false</hideElementsInCurrentOnly>
<backgroundColor>-16777216</backgroundColor>
<lineWidth>1</lineWidth>
<points>
<point x="852" y="310"/>
<point x="852" y="392"/>
</points>
</Connector>
<Connector class="oracle.dbtools.crest.swingui.logical.TVRelation" oid="88641581-B754-6266-9F36-025C003FD5C5" otype="Relation" vid_source="47EC68D7-DC86-487C-7E07-8B40306C9CAC" vid_target="2E40E1A8-7B3D-2A8D-6C11-9E915F6BA355">
<hideElementsInCurrentOnly>false</hideElementsInCurrentOnly>
<backgroundColor>-16777216</backgroundColor>
<lineWidth>1</lineWidth>
<points>
<point x="487" y="311"/>
<point x="487" y="389"/>
</points>
</Connector>
<Connector class="oracle.dbtools.crest.swingui.logical.TVRelation" oid="8D7468AD-3233-3B19-90C7-AC7001561D81" otype="Relation" vid_source="C6C5A09D-C2C5-7751-FAAB-F388A89E1C08" vid_target="9FCF1CB8-D50F-41D8-5B28-9A9248B293AF">
<hideElementsInCurrentOnly>false</hideElementsInCurrentOnly>
<backgroundColor>-16777216</backgroundColor>
<lineWidth>1</lineWidth>
<points>
<point x="406" y="96"/>
<point x="545" y="96"/>
</points>
</Connector>
<Connector class="oracle.dbtools.crest.swingui.logical.TVRelation" oid="C30DA20E-0F9A-2A5F-5853-93662AB02607" otype="Relation" vid_source="A4BCA1D0-48E9-68C9-C302-430ED5F94F5E" vid_target="C6C5A09D-C2C5-7751-FAAB-F388A89E1C08">
<hideElementsInCurrentOnly>false</hideElementsInCurrentOnly>
<backgroundColor>-16777216</backgroundColor>
<lineWidth>1</lineWidth>
<points>
<point x="236" y="94"/>
<point x="276" y="99"/>
</points>
</Connector>
<Connector class="oracle.dbtools.crest.swingui.logical.TVInheritanceRelation" oid="D37C3596-5901-1ECF-9F59-8DFE3461ABE2" otype="Hierarchy relation" vid_source="7311995A-C116-7408-6709-69B62F32F9F8" vid_target="2210E75B-0F27-E0EE-D6F7-E7A574415B81">
<hideElementsInCurrentOnly>false</hideElementsInCurrentOnly>
<backgroundColor>-65536</backgroundColor>
<lineWidth>1</lineWidth>
<points>
<point x="1152" y="151"/>
<point x="1152" y="237"/>
</points>
</Connector>
<Connector class="oracle.dbtools.crest.swingui.logical.TVRelation" oid="D7DA470A-7612-6A77-21D5-AF97E66A1F2D" otype="Relation" vid_source="9FCF1CB8-D50F-41D8-5B28-9A9248B293AF" vid_target="7311995A-C116-7408-6709-69B62F32F9F8">
<hideElementsInCurrentOnly>false</hideElementsInCurrentOnly>
<backgroundColor>-16777216</backgroundColor>
<lineWidth>1</lineWidth>
<points>
<point x="794" y="113"/>
<point x="983" y="113"/>
</points>
</Connector>
<Connector class="oracle.dbtools.crest.swingui.logical.TVRelation" oid="E33AD53C-71FA-384A-1DD2-B89AF6A5FA4B" otype="Relation" vid_source="4F2BCCDE-F9D7-BD2C-BD72-40FE6183BF3D" vid_target="8D0BB810-E968-0DBB-9AAB-F2B65C208F4E">
<hideElementsInCurrentOnly>false</hideElementsInCurrentOnly>
<backgroundColor>-16777216</backgroundColor>
<lineWidth>1</lineWidth>
<points>
<point x="171" y="328"/>
<point x="171" y="384"/>
</points>
</Connector>
<Connector class="oracle.dbtools.crest.swingui.logical.TVInheritanceRelation" oid="F01C206C-4CDD-1387-3B1B-B29500AA77D6" otype="Hierarchy relation" vid_source="7311995A-C116-7408-6709-69B62F32F9F8" vid_target="1BC3EF5B-7E6A-4DE5-CF8C-B128B9722640">
<hideElementsInCurrentOnly>false</hideElementsInCurrentOnly>
<backgroundColor>-65536</backgroundColor>
<lineWidth>1</lineWidth>
<points>
<point x="1040" y="151"/>
<point x="1040" y="237"/>
</points>
</Connector>
<Connector class="oracle.dbtools.crest.swingui.logical.TVRelation" oid="F5FC008A-5014-77E7-8B52-1770DAD6F499" otype="Relation" vid_source="9FCF1CB8-D50F-41D8-5B28-9A9248B293AF" vid_target="0494940F-DAAF-62FA-C2B5-221B0868FB3F">
<hideElementsInCurrentOnly>false</hideElementsInCurrentOnly>
<backgroundColor>-16777216</backgroundColor>
<lineWidth>1</lineWidth>
<points>
<point x="721" y="147"/>
<point x="721" y="206"/>
</points>
</Connector>
<Connector class="oracle.dbtools.crest.swingui.logical.TVRelation" oid="FEFA7785-4BAE-E3FF-35B3-6A2342F8085F" otype="Relation" vid_source="2210E75B-0F27-E0EE-D6F7-E7A574415B81" vid_target="2210E75B-0F27-E0EE-D6F7-E7A574415B81">
<hideElementsInCurrentOnly>false</hideElementsInCurrentOnly>
<backgroundColor>-16777216</backgroundColor>
<lineWidth>1</lineWidth>
<sourceLabel class="oracle.dbtools.crest.model.design.Label">
<site>0</site>
<labelBounds x="1304" y="244" width="34" height="30"/>
<noBackgroundColor>true</noBackgroundColor>
<noForegroundColor>true</noForegroundColor>
</sourceLabel>
<targetLabel class="oracle.dbtools.crest.model.design.Label">
<site>2</site>
<labelBounds x="1196" y="287" width="73" height="30"/>
<noBackgroundColor>true</noBackgroundColor>
<noForegroundColor>true</noForegroundColor>
</targetLabel>
<points>
<point x="1279" y="259"/>
<point x="1304" y="259"/>
<point x="1304" y="300"/>
<point x="1196" y="300"/>
<point x="1196" y="288"/>
</points>
</Connector>
<Connector class="oracle.dbtools.crest.swingui.logical.TVRelation" oid="FFE68E38-8907-96BA-75D7-B019056DFE0E" otype="Relation" vid_source="0494940F-DAAF-62FA-C2B5-221B0868FB3F" vid_target="2CAFC666-1AA5-3BED-0AE0-A73054FFE61F">
<hideElementsInCurrentOnly>false</hideElementsInCurrentOnly>
<backgroundColor>-16777216</backgroundColor>
<lineWidth>1</lineWidth>
<points>
<point x="739" y="310"/>
<point x="740" y="390"/>
</points>
</Connector>
</connectors>
<arcs>
<Arc class="oracle.dbtools.crest.swingui.logical.TVArc" oid="A7F9912E-7D86-101F-1ECA-0F1B6EA5A9D7" otype="Arc" vid="864B9285-0C03-F658-8F87-4BEE19102CD4">
<hideElementsInCurrentOnly>false</hideElementsInCurrentOnly>
<bounds x="963" y="8" width="283" height="163"/>
</Arc>
</arcs>
</Diagram>