<?xml version = '1.0' encoding = 'UTF-8'?>
<Table class="oracle.dbtools.crest.model.design.relational.Table" directorySegmentName="seg_0" id="042F2A17-6A1A-C75D-91FC-635203841FB0" name="AFP">
<createdBy>nrivera</createdBy>
<createdTime>2025-09-16 01:52:00 UTC</createdTime>
<generatorID>AE17B42A-35D8-6A28-581A-313BDBAF18D6</generatorID>
<ownerDesignName>Sumativa_2</ownerDesignName>
<allowColumnReorder>false</allowColumnReorder>
<existDependencyGenerateInDDl>true</existDependencyGenerateInDDl>
<parsed>true</parsed>
<columns itemClass="oracle.dbtools.crest.model.design.relational.Column">
<Column name="id_afp" id="BE325B25-D4A2-C0B3-A757-E8DC161D6EAD">
<createdBy>nrivera</createdBy>
<createdTime>2025-09-16 01:52:00 UTC</createdTime>
<generatorID>BDB84B0E-297C-FEFD-8F00-B11EF69234A4</generatorID>
<ownerDesignName>Sumativa_2</ownerDesignName>
<useDomainConstraints>false</useDomainConstraints>
<use>1</use>
<logicalDatatype>LOGDT011</logicalDatatype>
<ownDataTypeParameters>,,</ownDataTypeParameters>
<autoIncrementCycle>false</autoIncrementCycle>
</Column>
<Column name="nombre" id="5953F406-B9C7-F42A-8A18-980EE056B75F">
<createdBy>nrivera</createdBy>
<createdTime>2025-09-16 01:52:00 UTC</createdTime>
<generatorID>FCE4E47E-8E1A-18B1-B148-8FC5B45E617F</generatorID>
<ownerDesignName>Sumativa_2</ownerDesignName>
<useDomainConstraints>false</useDomainConstraints>
<use>1</use>
<logicalDatatype>LOGDT025</logicalDatatype>
<dataTypeSize>50 CHAR</dataTypeSize>
<ownDataTypeParameters>50 CHAR,,</ownDataTypeParameters>
<autoIncrementCycle>false</autoIncrementCycle>
</Column>
</columns>
<indexes itemClass="oracle.dbtools.crest.model.design.relational.Index">
<ind_PK_UK id="D7E17096-BAED-FD64-159C-BA656510D97E" name="AFP_PK">
<createdBy>nrivera</createdBy>
<createdTime>2025-09-16 01:52:00 UTC</createdTime>
<generatorID>067353A6-27E9-3BAA-EE96-B9EC8BA1D92B</generatorID>
<ownerDesignName>Sumativa_2</ownerDesignName>
<pk>true</pk>
<indexState>Primary Constraint</indexState>
<isSurrogateKey>false</isSurrogateKey>
<indexColumnUsage>
<colUsage columnID="BE325B25-D4A2-C0B3-A757-E8DC161D6EAD"/>
</indexColumnUsage>
</ind_PK_UK>
</indexes>
</Table>