<?xml version = '1.0' encoding = 'UTF-8'?>
<Table class="oracle.dbtools.crest.model.design.relational.Table" directorySegmentName="seg_0" id="06251FA5-9FFA-CF29-BD6D-D2EB4ABDFA83" name="SOLICITUD_EXAMEN">
<createdBy>nrivera</createdBy>
<createdTime>2025-09-16 01:52:00 UTC</createdTime>
<generatorID>F0DE8F5F-A24A-6E6B-52AB-D78E6EF3C8D7</generatorID>
<ownerDesignName>Sumativa_2</ownerDesignName>
<allowColumnReorder>false</allowColumnReorder>
<existDependencyGenerateInDDl>true</existDependencyGenerateInDDl>
<parsed>true</parsed>
<columns itemClass="oracle.dbtools.crest.model.design.relational.Column">
<Column name="id_solicitud" id="9F8159D8-6206-7265-EB7C-9C3C8B5EF029">
<createdBy>nrivera</createdBy>
<createdTime>2025-09-16 01:52:01 UTC</createdTime>
<generatorID>06467E38-E34A-5881-5286-22A296ADEB9B</generatorID>
<ownerDesignName>Sumativa_2</ownerDesignName>
<useDomainConstraints>false</useDomainConstraints>
<use>1</use>
<logicalDatatype>LOGDT011</logicalDatatype>
<ownDataTypeParameters>,,</ownDataTypeParameters>
<autoIncrementCycle>false</autoIncrementCycle>
</Column>
<Column name="fecha_solicitud" id="45AA56F4-8FF5-6D86-EB75-AB5203EED718">
<createdBy>nrivera</createdBy>
<createdTime>2025-09-16 01:52:01 UTC</createdTime>
<generatorID>47F0BF98-84AB-8CF2-53FB-02C645715A22</generatorID>
<ownerDesignName>Sumativa_2</ownerDesignName>
<useDomainConstraints>false</useDomainConstraints>
<use>1</use>
<logicalDatatype>LOGDT007</logicalDatatype>
<ownDataTypeParameters>,,</ownDataTypeParameters>
<autoIncrementCycle>false</autoIncrementCycle>
</Column>
<Column name="estado" id="153B7ABA-6AE8-DF05-B621-E45235019596">
<createdBy>nrivera</createdBy>
<createdTime>2025-09-16 01:52:01 UTC</createdTime>
<generatorID>32763E88-40F8-E686-8F9B-8A9E57EF34B8</generatorID>
<ownerDesignName>Sumativa_2</ownerDesignName>
<useDomainConstraints>false</useDomainConstraints>
<use>1</use>
<logicalDatatype>LOGDT025</logicalDatatype>
<dataTypeSize>50 CHAR</dataTypeSize>
<ownDataTypeParameters>50 CHAR,,</ownDataTypeParameters>
<autoIncrementCycle>false</autoIncrementCycle>
</Column>
<Column name="ATENCION_MEDICA_id_atencion" id="513FC2C4-0E4F-6A66-5F2D-044C5ED03F28">
<createdBy>nrivera</createdBy>
<createdTime>2025-09-16 01:52:01 UTC</createdTime>
<generatorID>63BB524C-78F0-8DCF-BB8D-60D118B1D132</generatorID>
<ownerDesignName>Sumativa_2</ownerDesignName>
<useDomainConstraints>false</useDomainConstraints>
<use>1</use>
<logicalDatatype>LOGDT011</logicalDatatype>
<ownDataTypeParameters>,,</ownDataTypeParameters>
<previousColumn>false</previousColumn>
<autoIncrementCycle>false</autoIncrementCycle>
<associations>
<colAssociation fkAssociation="0F9C9886-DA83-5678-D11B-C46D2704F3E9" referredColumn="E5B87BD3-B41E-0C9E-3467-794CE9E9518B"/>
</associations>
</Column>
<Column name="EXAMENES_LABORATORIO_id_examen" id="98070000-A670-352C-25A3-2970777409CA">
<createdBy>nrivera</createdBy>
<createdTime>2025-09-16 01:52:01 UTC</createdTime>
<generatorID>C61CF011-4D88-F5C9-7460-ED7595A4937D</generatorID>
<ownerDesignName>Sumativa_2</ownerDesignName>
<useDomainConstraints>false</useDomainConstraints>
<use>1</use>
<logicalDatatype>LOGDT011</logicalDatatype>
<ownDataTypeParameters>,,</ownDataTypeParameters>
<previousColumn>false</previousColumn>
<autoIncrementCycle>false</autoIncrementCycle>
<associations>
<colAssociation fkAssociation="8388DED4-3375-0159-7732-597AEF0CA9D4" referredColumn="DF58EA34-5AF4-25DF-6E64-1A466E676BB8"/>
</associations>
</Column>
</columns>
<indexes itemClass="oracle.dbtools.crest.model.design.relational.Index">
<ind_PK_UK id="3079F101-5D92-D49E-5524-A4E9E7BCAD5D" name="SOLICITUD_EXAMEN_PK">
<createdBy>nrivera</createdBy>
<createdTime>2025-09-16 01:52:01 UTC</createdTime>
<generatorID>7465FD2F-3C21-13DA-0C6D-7478BE7B52E7</generatorID>
<ownerDesignName>Sumativa_2</ownerDesignName>
<pk>true</pk>
<indexState>Primary Constraint</indexState>
<isSurrogateKey>false</isSurrogateKey>
<indexColumnUsage>
<colUsage columnID="9F8159D8-6206-7265-EB7C-9C3C8B5EF029"/>
</indexColumnUsage>
</ind_PK_UK>
<ind_PK_UK id="FC75C8C4-370E-9A15-6A6F-8D5678EC68D0" name="SOLICITUD_EXAMEN_ATENCION_MEDICA_FK">
<createdBy>nrivera</createdBy>
<createdTime>2025-09-16 01:52:01 UTC</createdTime>
<generatorID>0C11BA44-E5AF-6285-396F-E579FFB1813B</generatorID>
<ownerDesignName>Sumativa_2</ownerDesignName>
<indexState>Foreign Key</indexState>
<isSurrogateKey>false</isSurrogateKey>
<indexColumnUsage>
<colUsage columnID="513FC2C4-0E4F-6A66-5F2D-044C5ED03F28"/>
</indexColumnUsage>
</ind_PK_UK>
<ind_PK_UK id="656E905F-189D-5767-6519-FA3571DA41CE" name="SOLICITUD_EXAMEN_EXAMENES_LABORATORIO_FK">
<createdBy>nrivera</createdBy>
<createdTime>2025-09-16 01:52:01 UTC</createdTime>
<generatorID>A42B50A3-111E-A599-01BB-410E31855ECD</generatorID>
<ownerDesignName>Sumativa_2</ownerDesignName>
<indexState>Foreign Key</indexState>
<isSurrogateKey>false</isSurrogateKey>
<indexColumnUsage>
<colUsage columnID="98070000-A670-352C-25A3-2970777409CA"/>
</indexColumnUsage>
</ind_PK_UK>
</indexes>
</Table>