<?xml version = '1.0' encoding = 'UTF-8'?>
<Table class="oracle.dbtools.crest.model.design.relational.Table" directorySegmentName="seg_0" id="19DEBF18-704B-C3ED-DFF3-ACCF8436CD27" name="ATENCION_MEDICO">
<createdBy>nrivera</createdBy>
<createdTime>2025-09-16 01:52:01 UTC</createdTime>
<ownerDesignName>Sumativa_2</ownerDesignName>
<ordsAlias>relation_12</ordsAlias>
<allowColumnReorder>false</allowColumnReorder>
<existDependencyGenerateInDDl>true</existDependencyGenerateInDDl>
<parsed>true</parsed>
<columns itemClass="oracle.dbtools.crest.model.design.relational.Column">
<Column name="ATENCION_MEDICA_id_atencion" id="CF13DE03-9C54-9B96-DC4D-65178C19D406">
<createdBy>nrivera</createdBy>
<createdTime>2025-09-16 01:52:01 UTC</createdTime>
<ownerDesignName>Sumativa_2</ownerDesignName>
<useDomainConstraints>false</useDomainConstraints>
<use>1</use>
<logicalDatatype>LOGDT011</logicalDatatype>
<ownDataTypeParameters>,,</ownDataTypeParameters>
<previousColumn>false</previousColumn>
<autoIncrementCycle>false</autoIncrementCycle>
<associations>
<colAssociation fkAssociation="1085DAD7-94B6-182D-46CD-654BF2C7CBC9" referredColumn="E5B87BD3-B41E-0C9E-3467-794CE9E9518B"/>
</associations>
</Column>
<Column name="MEDICO_rut" id="50A6359C-A7E4-7FB6-62C5-B8FD830BCE4E">
<createdBy>nrivera</createdBy>
<createdTime>2025-09-16 01:52:01 UTC</createdTime>
<ownerDesignName>Sumativa_2</ownerDesignName>
<useDomainConstraints>false</useDomainConstraints>
<use>1</use>
<logicalDatatype>LOGDT025</logicalDatatype>
<dataTypeSize>13 CHAR</dataTypeSize>
<ownDataTypeParameters>,,</ownDataTypeParameters>
<previousColumn>false</previousColumn>
<autoIncrementCycle>false</autoIncrementCycle>
<associations>
<colAssociation fkAssociation="07453054-6AD3-EA2A-56F6-D6CFD70BEE70" referredColumn="F712F8FD-F56C-B9DB-15BB-0C00CC73B3DB"/>
</associations>
</Column>
<Column name="MEDICO_id_medico" id="E7CF6DB5-FC2C-E43F-D817-C00F29DDD6CA">
<createdBy>nrivera</createdBy>
<createdTime>2025-09-16 01:52:01 UTC</createdTime>
<ownerDesignName>Sumativa_2</ownerDesignName>
<useDomainConstraints>false</useDomainConstraints>
<use>1</use>
<logicalDatatype>LOGDT011</logicalDatatype>
<ownDataTypeParameters>,,</ownDataTypeParameters>
<previousColumn>false</previousColumn>
<autoIncrementCycle>false</autoIncrementCycle>
<associations>
<colAssociation fkAssociation="07453054-6AD3-EA2A-56F6-D6CFD70BEE70" referredColumn="6939A184-1314-9F5A-93FE-C3E51B48B782"/>
</associations>
</Column>
</columns>
<indexes itemClass="oracle.dbtools.crest.model.design.relational.Index">
<ind_PK_UK id="462607A5-234D-A5C2-91C4-2D18B639E6AA" name="ATENCION_MEDICO">
<createdBy>nrivera</createdBy>
<createdTime>2025-09-16 01:52:01 UTC</createdTime>
<ownerDesignName>Sumativa_2</ownerDesignName>
<pk>true</pk>
<indexState>Primary Constraint</indexState>
<isSurrogateKey>false</isSurrogateKey>
<indexColumnUsage>
<colUsage columnID="CF13DE03-9C54-9B96-DC4D-65178C19D406"/>
<colUsage columnID="50A6359C-A7E4-7FB6-62C5-B8FD830BCE4E"/>
<colUsage columnID="E7CF6DB5-FC2C-E43F-D817-C00F29DDD6CA"/>
</indexColumnUsage>
</ind_PK_UK>
<ind_PK_UK id="1815A436-B84E-3844-EA60-7D0E668440B6" name="ATENCION_MEDICA_FK">
<createdBy>nrivera</createdBy>
<createdTime>2025-09-16 01:52:01 UTC</createdTime>
<generatorID>1FF7002C-8307-358B-7357-59DBC2B2B0EE</generatorID>
<ownerDesignName>Sumativa_2</ownerDesignName>
<indexState>Foreign Key</indexState>
<isSurrogateKey>false</isSurrogateKey>
<indexColumnUsage>
<colUsage columnID="CF13DE03-9C54-9B96-DC4D-65178C19D406"/>
</indexColumnUsage>
</ind_PK_UK>
<ind_PK_UK id="271C7D14-1DEC-815C-7F46-E94A5F08DB38" name="MEDICO_FK">
<createdBy>nrivera</createdBy>
<createdTime>2025-09-16 01:52:01 UTC</createdTime>
<generatorID>1FF7002C-8307-358B-7357-59DBC2B2B0EE</generatorID>
<ownerDesignName>Sumativa_2</ownerDesignName>
<indexState>Foreign Key</indexState>
<isSurrogateKey>false</isSurrogateKey>
<indexColumnUsage>
<colUsage columnID="50A6359C-A7E4-7FB6-62C5-B8FD830BCE4E"/>
<colUsage columnID="E7CF6DB5-FC2C-E43F-D817-C00F29DDD6CA"/>
</indexColumnUsage>
</ind_PK_UK>
</indexes>
</Table>