<?xml version = '1.0' encoding = 'UTF-8'?>
<Table class="oracle.dbtools.crest.model.design.relational.Table" directorySegmentName="seg_0" id="367D6361-69A0-6233-FF53-531FB07F68FE" name="EFECTIVO">
<createdBy>nrivera</createdBy>
<createdTime>2025-09-16 01:52:01 UTC</createdTime>
<generatorID>4BB82C61-E81B-70E9-E422-0C4D776858F5</generatorID>
<ownerDesignName>Sumativa_2</ownerDesignName>
<allowColumnReorder>false</allowColumnReorder>
<existDependencyGenerateInDDl>true</existDependencyGenerateInDDl>
<parsed>true</parsed>
<columns itemClass="oracle.dbtools.crest.model.design.relational.Column">
<Column name="id_pago" id="0B38C15C-8FDC-A56C-D4F4-28664382614D">
<createdBy>nrivera</createdBy>
<createdTime>2025-09-16 01:52:01 UTC</createdTime>
<generatorID>5DCDAA07-E281-FB0C-31CD-AE11B39CB12E</generatorID>
<ownerDesignName>Sumativa_2</ownerDesignName>
<useDomainConstraints>false</useDomainConstraints>
<use>1</use>
<logicalDatatype>LOGDT011</logicalDatatype>
<ownDataTypeParameters>,,</ownDataTypeParameters>
<autoIncrementCycle>false</autoIncrementCycle>
<associations>
<colAssociation fkAssociation="85ABF9F7-F4C5-8B53-FA3B-70727FDF8990" referredColumn="F9000DD5-9D80-4803-0038-AA8AF0696AE3"/>
</associations>
</Column>
</columns>
<indexes itemClass="oracle.dbtools.crest.model.design.relational.Index">
<ind_PK_UK id="70035044-894E-0415-56C5-0DFCA205B173" name="EFECTIVO_PK">
<createdBy>nrivera</createdBy>
<createdTime>2025-09-16 01:52:01 UTC</createdTime>
<generatorID>6050D44B-F193-2562-4191-EBD71A1FA885</generatorID>
<ownerDesignName>Sumativa_2</ownerDesignName>
<pk>true</pk>
<indexState>Primary Constraint</indexState>
<isSurrogateKey>false</isSurrogateKey>
<indexColumnUsage>
<colUsage columnID="0B38C15C-8FDC-A56C-D4F4-28664382614D"/>
</indexColumnUsage>
</ind_PK_UK>
<ind_PK_UK id="78F3F2DF-F886-8988-9012-3547FB94BE53" name="EFECTIVO_PAGO_FK">
<createdBy>nrivera</createdBy>
<createdTime>2025-09-16 01:52:01 UTC</createdTime>
<generatorID>E54D202E-68D6-B246-5FC1-1B65010323E9</generatorID>
<ownerDesignName>Sumativa_2</ownerDesignName>
<indexState>Foreign Key</indexState>
<isSurrogateKey>false</isSurrogateKey>
<indexColumnUsage>
<colUsage columnID="0B38C15C-8FDC-A56C-D4F4-28664382614D"/>
</indexColumnUsage>
</ind_PK_UK>
</indexes>
</Table>