<?xml version = '1.0' encoding = 'UTF-8'?>
<Table class="oracle.dbtools.crest.model.design.relational.Table" directorySegmentName="seg_0" id="459E500C-CE48-E2B4-790D-B615E8BB42C7" name="TARJETA">
<createdBy>nrivera</createdBy>
<createdTime>2025-09-16 01:52:01 UTC</createdTime>
<generatorID>584C49BB-1D5B-CE16-086C-79FFB09ECF21</generatorID>
<ownerDesignName>Sumativa_2</ownerDesignName>
<allowColumnReorder>false</allowColumnReorder>
<existDependencyGenerateInDDl>true</existDependencyGenerateInDDl>
<parsed>true</parsed>
<columns itemClass="oracle.dbtools.crest.model.design.relational.Column">
<Column name="id_pago" id="83966358-7616-2E0E-7E2C-E9E9BCF64436">
<createdBy>nrivera</createdBy>
<createdTime>2025-09-16 01:52:01 UTC</createdTime>
<generatorID>5DCDAA07-E281-FB0C-31CD-AE11B39CB12E</generatorID>
<ownerDesignName>Sumativa_2</ownerDesignName>
<useDomainConstraints>false</useDomainConstraints>
<use>1</use>
<logicalDatatype>LOGDT011</logicalDatatype>
<ownDataTypeParameters>,,</ownDataTypeParameters>
<autoIncrementCycle>false</autoIncrementCycle>
<associations>
<colAssociation fkAssociation="141C1B67-AD50-86B6-839D-08C75C517B04" referredColumn="F9000DD5-9D80-4803-0038-AA8AF0696AE3"/>
</associations>
</Column>
<Column name="tipo" id="A3704360-6397-B94B-0AFC-851E4F47522E">
<createdBy>nrivera</createdBy>
<createdTime>2025-09-16 01:52:01 UTC</createdTime>
<generatorID>49BAA46D-1F4A-552A-3A9F-D030D43ACA3D</generatorID>
<ownerDesignName>Sumativa_2</ownerDesignName>
<useDomainConstraints>false</useDomainConstraints>
<use>1</use>
<logicalDatatype>LOGDT025</logicalDatatype>
<dataTypeSize>50 CHAR</dataTypeSize>
<ownDataTypeParameters>50 CHAR,,</ownDataTypeParameters>
<autoIncrementCycle>false</autoIncrementCycle>
</Column>
<Column name="numero_cuotas" id="F47A3F17-12A5-D7D7-DF8B-D0696445EC29">
<createdBy>nrivera</createdBy>
<createdTime>2025-09-16 01:52:01 UTC</createdTime>
<generatorID>16C93D6B-7D27-BD3B-9F56-93044E160616</generatorID>
<ownerDesignName>Sumativa_2</ownerDesignName>
<nullsAllowed>true</nullsAllowed>
<useDomainConstraints>false</useDomainConstraints>
<use>1</use>
<logicalDatatype>LOGDT011</logicalDatatype>
<ownDataTypeParameters>,,</ownDataTypeParameters>
<autoIncrementCycle>false</autoIncrementCycle>
</Column>
</columns>
<indexes itemClass="oracle.dbtools.crest.model.design.relational.Index">
<ind_PK_UK id="8128DB8D-6066-0583-A310-4EBC83F1D5CC" name="TARJETA_PK">
<createdBy>nrivera</createdBy>
<createdTime>2025-09-16 01:52:01 UTC</createdTime>
<generatorID>6050D44B-F193-2562-4191-EBD71A1FA885</generatorID>
<ownerDesignName>Sumativa_2</ownerDesignName>
<pk>true</pk>
<indexState>Primary Constraint</indexState>
<isSurrogateKey>false</isSurrogateKey>
<indexColumnUsage>
<colUsage columnID="83966358-7616-2E0E-7E2C-E9E9BCF64436"/>
</indexColumnUsage>
</ind_PK_UK>
<ind_PK_UK id="B466AF88-FD17-5D23-0882-055894D3177E" name="TARJETA_PAGO_FK">
<createdBy>nrivera</createdBy>
<createdTime>2025-09-16 01:52:01 UTC</createdTime>
<generatorID>25A396F0-C4C4-61C8-746C-3DC713B26FE4</generatorID>
<ownerDesignName>Sumativa_2</ownerDesignName>
<indexState>Foreign Key</indexState>
<isSurrogateKey>false</isSurrogateKey>
<indexColumnUsage>
<colUsage columnID="83966358-7616-2E0E-7E2C-E9E9BCF64436"/>
</indexColumnUsage>
</ind_PK_UK>
</indexes>
</Table>