<?xml version = '1.0' encoding = 'UTF-8'?>
<Table class="oracle.dbtools.crest.model.design.relational.Table" directorySegmentName="seg_0" id="5EF692A5-E8AE-3AB8-CCB8-18BF436DAAB6" name="ESPECIALIDAD">
<createdBy>nrivera</createdBy>
<createdTime>2025-09-16 01:52:00 UTC</createdTime>
<generatorID>2B5F8303-875C-C213-F17A-46A983683C4F</generatorID>
<ownerDesignName>Sumativa_2</ownerDesignName>
<allowColumnReorder>false</allowColumnReorder>
<existDependencyGenerateInDDl>true</existDependencyGenerateInDDl>
<parsed>true</parsed>
<columns itemClass="oracle.dbtools.crest.model.design.relational.Column">
<Column name="id_especialidad" id="F501DEC2-BFB2-2DCC-D221-EEAB4A4D7890">
<createdBy>nrivera</createdBy>
<createdTime>2025-09-16 01:52:00 UTC</createdTime>
<generatorID>CBE72DA8-E0C1-2C1B-FD7B-E608336AB405</generatorID>
<ownerDesignName>Sumativa_2</ownerDesignName>
<useDomainConstraints>false</useDomainConstraints>
<use>1</use>
<logicalDatatype>LOGDT011</logicalDatatype>
<ownDataTypeParameters>,,</ownDataTypeParameters>
<autoIncrementCycle>false</autoIncrementCycle>
</Column>
<Column name="nombre" id="2F5C67B1-F642-35BB-CE5B-E7EE9B4A7865">
<createdBy>nrivera</createdBy>
<createdTime>2025-09-16 01:52:00 UTC</createdTime>
<generatorID>15C9D4BE-B5B4-A078-54F9-A28E3A77511B</generatorID>
<ownerDesignName>Sumativa_2</ownerDesignName>
<useDomainConstraints>false</useDomainConstraints>
<use>1</use>
<logicalDatatype>LOGDT025</logicalDatatype>
<dataTypeSize>100 CHAR</dataTypeSize>
<ownDataTypeParameters>100 CHAR,,</ownDataTypeParameters>
<autoIncrementCycle>false</autoIncrementCycle>
</Column>
</columns>
<indexes itemClass="oracle.dbtools.crest.model.design.relational.Index">
<ind_PK_UK id="527469EA-ECEB-F41E-0881-7BCC2DD095A7" name="ESPECIALIDAD_PK">
<createdBy>nrivera</createdBy>
<createdTime>2025-09-16 01:52:00 UTC</createdTime>
<generatorID>DDA88459-C6D0-9F00-2C77-F3E1ECB7B0DF</generatorID>
<ownerDesignName>Sumativa_2</ownerDesignName>
<pk>true</pk>
<indexState>Primary Constraint</indexState>
<isSurrogateKey>false</isSurrogateKey>
<indexColumnUsage>
<colUsage columnID="F501DEC2-BFB2-2DCC-D221-EEAB4A4D7890"/>
</indexColumnUsage>
</ind_PK_UK>
</indexes>
</Table>