<?xml version = '1.0' encoding = 'UTF-8'?>
<Table class="oracle.dbtools.crest.model.design.relational.Table" directorySegmentName="seg_0" id="8EFCFC81-82EF-5262-D0DB-BA59B426B276" name="PACIENTE">
<createdBy>nrivera</createdBy>
<createdTime>2025-09-15 17:22:08 UTC</createdTime>
<generatorID>5735538B-BDE0-0B19-5821-BC2DFE39042A</generatorID>
<ownerDesignName>Sumativa_2</ownerDesignName>
<allowColumnReorder>false</allowColumnReorder>
<existDependencyGenerateInDDl>true</existDependencyGenerateInDDl>
<parsed>true</parsed>
<columns itemClass="oracle.dbtools.crest.model.design.relational.Column">
<Column name="id_paciente" id="53E58981-31C9-5AD2-8BA3-FDFC58DF5E72">
<createdBy>nrivera</createdBy>
<createdTime>2025-09-15 17:22:08 UTC</createdTime>
<generatorID>280A1FBE-D3C3-D18B-F353-67ED43F35F38</generatorID>
<ownerDesignName>Sumativa_2</ownerDesignName>
<useDomainConstraints>false</useDomainConstraints>
<use>1</use>
<logicalDatatype>LOGDT011</logicalDatatype>
<ownDataTypeParameters>,,</ownDataTypeParameters>
<autoIncrementCycle>false</autoIncrementCycle>
</Column>
<Column name="rut" id="D3D41791-FF3A-022F-77C2-F7B947450BA4">
<createdBy>nrivera</createdBy>
<createdTime>2025-09-15 17:22:08 UTC</createdTime>
<generatorID>CB91B766-BC04-EB0B-C275-F7AB54AA0A7C</generatorID>
<ownerDesignName>Sumativa_2</ownerDesignName>
<useDomainConstraints>false</useDomainConstraints>
<use>1</use>
<logicalDatatype>LOGDT025</logicalDatatype>
<ownDataTypeParameters>,,</ownDataTypeParameters>
<autoIncrementCycle>false</autoIncrementCycle>
</Column>
<Column name="tipo_usuario" id="4E4497B0-FE03-83A5-4C9E-1110304B14EA">
<createdBy>nrivera</createdBy>
<createdTime>2025-09-15 17:22:08 UTC</createdTime>
<generatorID>E25FB877-9C2A-A5EB-C166-A50893F4226C</generatorID>
<ownerDesignName>Sumativa_2</ownerDesignName>
<useDomainConstraints>false</useDomainConstraints>
<use>1</use>
<logicalDatatype>LOGDT025</logicalDatatype>
<dataTypeSize>50 CHAR</dataTypeSize>
<ownDataTypeParameters>50 CHAR,,</ownDataTypeParameters>
<autoIncrementCycle>false</autoIncrementCycle>
</Column>
<Column name="nombre" id="8109CC2D-9D3F-9DDE-0B6C-581B8C338655">
<createdBy>nrivera</createdBy>
<createdTime>2025-09-15 17:22:08 UTC</createdTime>
<generatorID>1E07119C-F8A8-DBF3-CA8F-CDC6C20ECB28</generatorID>
<ownerDesignName>Sumativa_2</ownerDesignName>
<useDomainConstraints>false</useDomainConstraints>
<use>1</use>
<logicalDatatype>LOGDT025</logicalDatatype>
<dataTypeSize>50 CHAR</dataTypeSize>
<ownDataTypeParameters>50 CHAR,,</ownDataTypeParameters>
<autoIncrementCycle>false</autoIncrementCycle>
</Column>
<Column name="sexo" id="9FF3DD98-EF4B-E7C2-7DA4-40A08722EAA5">
<createdBy>nrivera</createdBy>
<createdTime>2025-09-15 17:22:08 UTC</createdTime>
<generatorID>9370B940-84BF-AA5B-C4F4-4C48ADCF129F</generatorID>
<ownerDesignName>Sumativa_2</ownerDesignName>
<useDomainConstraints>false</useDomainConstraints>
<use>1</use>
<logicalDatatype>LOGDT025</logicalDatatype>
<dataTypeSize>10 CHAR</dataTypeSize>
<ownDataTypeParameters>10 CHAR,,</ownDataTypeParameters>
<autoIncrementCycle>false</autoIncrementCycle>
</Column>
<Column name="fecha_nacimiento" id="C946D612-9A15-08E6-7027-E7DD047AB450">
<createdBy>nrivera</createdBy>
<createdTime>2025-09-15 17:22:08 UTC</createdTime>
<generatorID>5DD16F60-FE75-7372-6FA0-78C44C7680A6</generatorID>
<ownerDesignName>Sumativa_2</ownerDesignName>
<useDomainConstraints>false</useDomainConstraints>
<use>1</use>
<logicalDatatype>LOGDT007</logicalDatatype>
<ownDataTypeParameters>,,</ownDataTypeParameters>
<autoIncrementCycle>false</autoIncrementCycle>
</Column>
<Column name="numero_contacto" id="89A091F4-7830-6E57-F68B-EF62972995A7">
<createdBy>nrivera</createdBy>
<createdTime>2025-09-15 17:22:08 UTC</createdTime>
<generatorID>17635759-1429-B162-E897-FDB500818FEA</generatorID>
<ownerDesignName>Sumativa_2</ownerDesignName>
<useDomainConstraints>false</useDomainConstraints>
<use>1</use>
<logicalDatatype>LOGDT025</logicalDatatype>
<dataTypeSize>9 CHAR</dataTypeSize>
<ownDataTypeParameters>9 CHAR,,</ownDataTypeParameters>
<autoIncrementCycle>false</autoIncrementCycle>
</Column>
<Column name="diagnostico" id="71AAFC9A-B1B7-D875-6288-F967783340E6">
<createdBy>nrivera</createdBy>
<createdTime>2025-09-15 17:22:08 UTC</createdTime>
<generatorID>8FFC6ADB-40A1-69FD-641F-6B661843EC09</generatorID>
<ownerDesignName>Sumativa_2</ownerDesignName>
<nullsAllowed>true</nullsAllowed>
<useDomainConstraints>false</useDomainConstraints>
<use>1</use>
<logicalDatatype>LOGDT025</logicalDatatype>
<dataTypeSize>50 CHAR</dataTypeSize>
<ownDataTypeParameters>50 CHAR,,</ownDataTypeParameters>
<autoIncrementCycle>false</autoIncrementCycle>
</Column>
</columns>
<indexes itemClass="oracle.dbtools.crest.model.design.relational.Index">
<ind_PK_UK id="605AD7D7-D19A-F4BD-8284-F95AD9B2FE82" name="PACIENTE_PK">
<createdBy>nrivera</createdBy>
<createdTime>2025-09-15 17:22:08 UTC</createdTime>
<generatorID>73C96B2A-838C-3CC9-E307-BBAB935CEB1C</generatorID>
<ownerDesignName>Sumativa_2</ownerDesignName>
<pk>true</pk>
<indexState>Primary Constraint</indexState>
<isSurrogateKey>false</isSurrogateKey>
<indexColumnUsage>
<colUsage columnID="D3D41791-FF3A-022F-77C2-F7B947450BA4"/>
<colUsage columnID="53E58981-31C9-5AD2-8BA3-FDFC58DF5E72"/>
</indexColumnUsage>
</ind_PK_UK>
</indexes>
</Table>