<?xml version = '1.0' encoding = 'UTF-8'?>
<Table class="oracle.dbtools.crest.model.design.relational.Table" directorySegmentName="seg_0" id="90518953-6831-4AD1-CCD1-D45AAEA95BB4" name="Relation_6">
<createdBy>nrivera</createdBy>
<createdTime>2025-09-15 17:22:08 UTC</createdTime>
<ownerDesignName>Sumativa_2</ownerDesignName>
<allowColumnReorder>false</allowColumnReorder>
<existDependencyGenerateInDDl>true</existDependencyGenerateInDDl>
<parsed>true</parsed>
<columns itemClass="oracle.dbtools.crest.model.design.relational.Column">
<Column name="DIRECCION_id_direccion" id="EA2F7AA9-2393-7A60-BCD7-5C89ADBFE994">
<createdBy>nrivera</createdBy>
<createdTime>2025-09-15 17:22:08 UTC</createdTime>
<ownerDesignName>Sumativa_2</ownerDesignName>
<useDomainConstraints>false</useDomainConstraints>
<use>1</use>
<logicalDatatype>LOGDT011</logicalDatatype>
<ownDataTypeParameters>,,</ownDataTypeParameters>
<previousColumn>false</previousColumn>
<autoIncrementCycle>false</autoIncrementCycle>
<associations>
<colAssociation fkAssociation="BB8EF4A9-5AEA-DDC6-3C14-C69108E1727C" referredColumn="911A8907-24D2-75D4-C65F-A894D9FE6D49"/>
</associations>
</Column>
<Column name="PACIENTE_rut" id="3E88FFC4-DD92-55F8-F0AD-E0EF34D36606">
<createdBy>nrivera</createdBy>
<createdTime>2025-09-15 17:22:08 UTC</createdTime>
<ownerDesignName>Sumativa_2</ownerDesignName>
<useDomainConstraints>false</useDomainConstraints>
<use>1</use>
<logicalDatatype>LOGDT025</logicalDatatype>
<ownDataTypeParameters>,,</ownDataTypeParameters>
<previousColumn>false</previousColumn>
<autoIncrementCycle>false</autoIncrementCycle>
<associations>
<colAssociation fkAssociation="05D6122B-3C9C-FC00-CA16-48DDFF93DCEF" referredColumn="D3D41791-FF3A-022F-77C2-F7B947450BA4"/>
</associations>
</Column>
<Column name="PACIENTE_id_paciente" id="39D12E2C-DAF5-7380-A225-6BCFF6FBECB7">
<createdBy>nrivera</createdBy>
<createdTime>2025-09-15 17:22:08 UTC</createdTime>
<ownerDesignName>Sumativa_2</ownerDesignName>
<useDomainConstraints>false</useDomainConstraints>
<use>1</use>
<logicalDatatype>LOGDT011</logicalDatatype>
<ownDataTypeParameters>,,</ownDataTypeParameters>
<previousColumn>false</previousColumn>
<autoIncrementCycle>false</autoIncrementCycle>
<associations>
<colAssociation fkAssociation="05D6122B-3C9C-FC00-CA16-48DDFF93DCEF" referredColumn="53E58981-31C9-5AD2-8BA3-FDFC58DF5E72"/>
</associations>
</Column>
</columns>
<indexes itemClass="oracle.dbtools.crest.model.design.relational.Index">
<ind_PK_UK id="256B302E-E586-712F-6748-81F976C26D12" name="Relation_6_PK">
<createdBy>nrivera</createdBy>
<createdTime>2025-09-15 17:22:08 UTC</createdTime>
<ownerDesignName>Sumativa_2</ownerDesignName>
<pk>true</pk>
<indexState>Primary Constraint</indexState>
<isSurrogateKey>false</isSurrogateKey>
<indexColumnUsage>
<colUsage columnID="EA2F7AA9-2393-7A60-BCD7-5C89ADBFE994"/>
<colUsage columnID="3E88FFC4-DD92-55F8-F0AD-E0EF34D36606"/>
<colUsage columnID="39D12E2C-DAF5-7380-A225-6BCFF6FBECB7"/>
</indexColumnUsage>
</ind_PK_UK>
<ind_PK_UK id="91B342E5-16CC-EC15-ADCF-9864F986FF5A" name="Relation_6_DIRECCION_FK">
<createdBy>nrivera</createdBy>
<createdTime>2025-09-15 17:22:08 UTC</createdTime>
<generatorID>330EA6D9-5F43-0615-704D-B10B67978313</generatorID>
<ownerDesignName>Sumativa_2</ownerDesignName>
<indexState>Foreign Key</indexState>
<isSurrogateKey>false</isSurrogateKey>
<indexColumnUsage>
<colUsage columnID="EA2F7AA9-2393-7A60-BCD7-5C89ADBFE994"/>
</indexColumnUsage>
</ind_PK_UK>
<ind_PK_UK id="B98BCE22-185E-E7B4-FF89-E4BDA19B102F" name="Relation_6_PACIENTE_FK">
<createdBy>nrivera</createdBy>
<createdTime>2025-09-15 17:22:08 UTC</createdTime>
<generatorID>330EA6D9-5F43-0615-704D-B10B67978313</generatorID>
<ownerDesignName>Sumativa_2</ownerDesignName>
<indexState>Foreign Key</indexState>
<isSurrogateKey>false</isSurrogateKey>
<indexColumnUsage>
<colUsage columnID="3E88FFC4-DD92-55F8-F0AD-E0EF34D36606"/>
<colUsage columnID="39D12E2C-DAF5-7380-A225-6BCFF6FBECB7"/>
</indexColumnUsage>
</ind_PK_UK>
</indexes>
</Table>