<?xml version = '1.0' encoding = 'UTF-8'?>
<Table class="oracle.dbtools.crest.model.design.relational.Table" directorySegmentName="seg_0" id="A5CAFD13-A21A-5275-7095-8B1ECEC8D180" name="ATENCION_MEDICA">
<createdBy>nrivera</createdBy>
<createdTime>2025-09-15 17:22:08 UTC</createdTime>
<generatorID>FD69A765-67A0-4A57-B209-4F72C13ADB4D</generatorID>
<ownerDesignName>Sumativa_2</ownerDesignName>
<allowColumnReorder>false</allowColumnReorder>
<existDependencyGenerateInDDl>true</existDependencyGenerateInDDl>
<parsed>true</parsed>
<columns itemClass="oracle.dbtools.crest.model.design.relational.Column">
<Column name="id_atencion" id="E5B87BD3-B41E-0C9E-3467-794CE9E9518B">
<createdBy>nrivera</createdBy>
<createdTime>2025-09-15 17:22:08 UTC</createdTime>
<generatorID>FFED75A2-65F1-4922-9202-B6A0EEF08FE2</generatorID>
<ownerDesignName>Sumativa_2</ownerDesignName>
<useDomainConstraints>false</useDomainConstraints>
<use>1</use>
<logicalDatatype>LOGDT011</logicalDatatype>
<ownDataTypeParameters>,,</ownDataTypeParameters>
<autoIncrementCycle>false</autoIncrementCycle>
</Column>
<Column name="id_medico" id="AF0C7ACE-A7FE-48BA-2BAE-B0F009B1556B">
<createdBy>nrivera</createdBy>
<createdTime>2025-09-15 17:22:08 UTC</createdTime>
<generatorID>AF8DBAFA-93BD-C992-348C-5042DD61376E</generatorID>
<ownerDesignName>Sumativa_2</ownerDesignName>
<useDomainConstraints>false</useDomainConstraints>
<use>1</use>
<logicalDatatype>LOGDT011</logicalDatatype>
<ownDataTypeParameters>,,</ownDataTypeParameters>
<autoIncrementCycle>false</autoIncrementCycle>
</Column>
<Column name="fecha_atencion" id="4E0709A1-F3E8-BF0E-E0C2-9928F23D70BB">
<createdBy>nrivera</createdBy>
<createdTime>2025-09-15 17:22:08 UTC</createdTime>
<generatorID>610AFAA6-DC19-D559-9908-5F25BC56E863</generatorID>
<ownerDesignName>Sumativa_2</ownerDesignName>
<useDomainConstraints>false</useDomainConstraints>
<use>1</use>
<logicalDatatype>LOGDT007</logicalDatatype>
<ownDataTypeParameters>,,</ownDataTypeParameters>
<autoIncrementCycle>false</autoIncrementCycle>
</Column>
<Column name="hora_atencion" id="F007F609-8B2E-BB22-4800-F00D14081350">
<createdBy>nrivera</createdBy>
<createdTime>2025-09-15 17:22:08 UTC</createdTime>
<generatorID>4213DC7A-44F7-127E-049F-CB0F29279D23</generatorID>
<ownerDesignName>Sumativa_2</ownerDesignName>
<useDomainConstraints>false</useDomainConstraints>
<use>1</use>
<logicalDatatype>LOGDT014</logicalDatatype>
<ownDataTypeParameters>,,</ownDataTypeParameters>
<autoIncrementCycle>false</autoIncrementCycle>
</Column>
<Column name="tipo" id="8F526D14-C9C2-D440-D98C-2D60ED29B5F2">
<createdBy>nrivera</createdBy>
<createdTime>2025-09-15 17:22:08 UTC</createdTime>
<generatorID>597E841F-917D-19F0-F0CB-7C61EC64E98E</generatorID>
<ownerDesignName>Sumativa_2</ownerDesignName>
<useDomainConstraints>false</useDomainConstraints>
<use>1</use>
<logicalDatatype>LOGDT025</logicalDatatype>
<dataTypeSize>50 CHAR</dataTypeSize>
<ownDataTypeParameters>50 CHAR,,</ownDataTypeParameters>
<autoIncrementCycle>false</autoIncrementCycle>
</Column>
<Column name="monto_pagado" id="0CF3CDDB-7FE5-99AB-2066-84C563376178">
<createdBy>nrivera</createdBy>
<createdTime>2025-09-15 17:22:08 UTC</createdTime>
<generatorID>EA650DDE-4C3E-5D2B-D8C4-802C7ABE2A98</generatorID>
<ownerDesignName>Sumativa_2</ownerDesignName>
<useDomainConstraints>false</useDomainConstraints>
<use>1</use>
<logicalDatatype>LOGDT011</logicalDatatype>
<ownDataTypeParameters>,,</ownDataTypeParameters>
<autoIncrementCycle>false</autoIncrementCycle>
</Column>
<Column name="PACIENTE_rut" id="FCE22C87-9BF6-A057-779F-ED98D0396459">
<createdBy>nrivera</createdBy>
<createdTime>2025-09-16 01:52:00 UTC</createdTime>
<generatorID>35F799FD-629E-1DDC-CE01-58B0E7D2A8BA</generatorID>
<ownerDesignName>Sumativa_2</ownerDesignName>
<useDomainConstraints>false</useDomainConstraints>
<use>1</use>
<logicalDatatype>LOGDT025</logicalDatatype>
<ownDataTypeParameters>,,</ownDataTypeParameters>
<previousColumn>false</previousColumn>
<autoIncrementCycle>false</autoIncrementCycle>
<associations>
<colAssociation fkAssociation="EFA586D5-A925-3CB6-B3AA-56869B185995" referredColumn="D3D41791-FF3A-022F-77C2-F7B947450BA4"/>
</associations>
</Column>
<Column name="PACIENTE_id_paciente" id="D8B469C3-89D7-37C2-88DE-92BE7AABD368">
<createdBy>nrivera</createdBy>
<createdTime>2025-09-16 01:52:00 UTC</createdTime>
<generatorID>F57130F2-9E9D-CCAE-8ED0-936C3B23D5D7</generatorID>
<ownerDesignName>Sumativa_2</ownerDesignName>
<useDomainConstraints>false</useDomainConstraints>
<use>1</use>
<logicalDatatype>LOGDT011</logicalDatatype>
<ownDataTypeParameters>,,</ownDataTypeParameters>
<previousColumn>false</previousColumn>
<autoIncrementCycle>false</autoIncrementCycle>
<associations>
<colAssociation fkAssociation="EFA586D5-A925-3CB6-B3AA-56869B185995" referredColumn="53E58981-31C9-5AD2-8BA3-FDFC58DF5E72"/>
</associations>
</Column>
<Column name="PAGO_id_pago" id="02F3AFBB-7AC0-037E-CBD1-E062DB2A0AB2">
<createdBy>nrivera</createdBy>
<createdTime>2025-09-16 01:52:00 UTC</createdTime>
<generatorID>3B87703F-279A-D75E-3C2C-AF6CEAE4C0FB</generatorID>
<ownerDesignName>Sumativa_2</ownerDesignName>
<useDomainConstraints>false</useDomainConstraints>
<use>1</use>
<logicalDatatype>LOGDT011</logicalDatatype>
<ownDataTypeParameters>,,</ownDataTypeParameters>
<previousColumn>false</previousColumn>
<autoIncrementCycle>false</autoIncrementCycle>
<associations>
<colAssociation fkAssociation="139FF473-1974-BC7D-0017-60AB8ED0D325" referredColumn="F9000DD5-9D80-4803-0038-AA8AF0696AE3"/>
</associations>
</Column>
</columns>
<indexes itemClass="oracle.dbtools.crest.model.design.relational.Index">
<ind_PK_UK id="22320E5E-1FB4-F2D8-DF9B-429EDAA72D77" name="ATENCION_MEDICA_PK">
<createdBy>nrivera</createdBy>
<createdTime>2025-09-15 17:22:08 UTC</createdTime>
<generatorID>20C6D74B-DF9F-A735-3385-A9ABFAC32C84</generatorID>
<ownerDesignName>Sumativa_2</ownerDesignName>
<pk>true</pk>
<indexState>Primary Constraint</indexState>
<isSurrogateKey>false</isSurrogateKey>
<indexColumnUsage>
<colUsage columnID="E5B87BD3-B41E-0C9E-3467-794CE9E9518B"/>
</indexColumnUsage>
</ind_PK_UK>
<ind_PK_UK id="903E7611-3A02-BF29-BBD3-D053335532E1" name="ATENCION_MEDICA__IDX">
<createdBy>nrivera</createdBy>
<createdTime>2025-09-16 01:52:01 UTC</createdTime>
<ownerDesignName>Sumativa_2</ownerDesignName>
<indexState>Unique Plain Index</indexState>
<isSurrogateKey>false</isSurrogateKey>
<relationGeneratorID>9B00CBD4-4345-0FE9-B53C-0C1FAC127828</relationGeneratorID>
<indexColumnUsage>
<colUsage columnID="02F3AFBB-7AC0-037E-CBD1-E062DB2A0AB2"/>
</indexColumnUsage>
</ind_PK_UK>
<ind_PK_UK id="80F57FDC-F88A-E921-7231-F370A4A059F5" name="ATENCION_MEDICA_PACIENTE_FK">
<createdBy>nrivera</createdBy>
<createdTime>2025-09-16 01:52:01 UTC</createdTime>
<generatorID>D5F01D73-D70A-BE91-8B94-64CD501D43D4</generatorID>
<ownerDesignName>Sumativa_2</ownerDesignName>
<indexState>Foreign Key</indexState>
<isSurrogateKey>false</isSurrogateKey>
<indexColumnUsage>
<colUsage columnID="FCE22C87-9BF6-A057-779F-ED98D0396459"/>
<colUsage columnID="D8B469C3-89D7-37C2-88DE-92BE7AABD368"/>
</indexColumnUsage>
</ind_PK_UK>
<ind_PK_UK id="0E751868-305A-1B7D-BE93-610F662C2A52" name="ATENCION_MEDICA_PAGO_FK">
<createdBy>nrivera</createdBy>
<createdTime>2025-09-16 01:52:01 UTC</createdTime>
<generatorID>9B00CBD4-4345-0FE9-B53C-0C1FAC127828</generatorID>
<ownerDesignName>Sumativa_2</ownerDesignName>
<indexState>Foreign Key</indexState>
<isSurrogateKey>false</isSurrogateKey>
<indexColumnUsage>
<colUsage columnID="02F3AFBB-7AC0-037E-CBD1-E062DB2A0AB2"/>
</indexColumnUsage>
</ind_PK_UK>
</indexes>
</Table>