<?xml version = '1.0' encoding = 'UTF-8'?>
<Table class="oracle.dbtools.crest.model.design.relational.Table" directorySegmentName="seg_0" id="D77ACF09-BE74-E2CB-29E2-4A2270AFCA04" name="DIAGNOSTICO">
<createdBy>nrivera</createdBy>
<createdTime>2025-09-16 01:52:00 UTC</createdTime>
<generatorID>840AB4E5-8139-5D50-3B6D-F368584099FB</generatorID>
<ownerDesignName>Sumativa_2</ownerDesignName>
<allowColumnReorder>false</allowColumnReorder>
<existDependencyGenerateInDDl>true</existDependencyGenerateInDDl>
<parsed>true</parsed>
<columns itemClass="oracle.dbtools.crest.model.design.relational.Column">
<Column name="id_diagnostico" id="0103A8C2-4D93-8B2F-DEC8-2D8DF9881725">
<createdBy>nrivera</createdBy>
<createdTime>2025-09-16 01:52:00 UTC</createdTime>
<generatorID>6C6D86DF-1155-FDB3-64A9-D19214B10A75</generatorID>
<ownerDesignName>Sumativa_2</ownerDesignName>
<useDomainConstraints>false</useDomainConstraints>
<use>1</use>
<logicalDatatype>LOGDT011</logicalDatatype>
<ownDataTypeParameters>,,</ownDataTypeParameters>
<autoIncrementCycle>false</autoIncrementCycle>
</Column>
<Column name="nombre" id="6C9F2B43-B56F-2927-60E4-28B779235E71">
<createdBy>nrivera</createdBy>
<createdTime>2025-09-16 01:52:00 UTC</createdTime>
<generatorID>C40B2B0E-0444-E978-59FD-7147E6618EB3</generatorID>
<ownerDesignName>Sumativa_2</ownerDesignName>
<useDomainConstraints>false</useDomainConstraints>
<use>1</use>
<logicalDatatype>LOGDT025</logicalDatatype>
<dataTypeSize>100 CHAR</dataTypeSize>
<ownDataTypeParameters>100 CHAR,,</ownDataTypeParameters>
<autoIncrementCycle>false</autoIncrementCycle>
</Column>
</columns>
<indexes itemClass="oracle.dbtools.crest.model.design.relational.Index">
<ind_PK_UK id="2F9F7BA4-66B3-A0C1-FFE0-5148D2E005AE" name="DIAGNOSTICO_PK">
<createdBy>nrivera</createdBy>
<createdTime>2025-09-16 01:52:00 UTC</createdTime>
<generatorID>2D58812D-9840-D210-E7DE-482AF1164F91</generatorID>
<ownerDesignName>Sumativa_2</ownerDesignName>
<pk>true</pk>
<indexState>Primary Constraint</indexState>
<isSurrogateKey>false</isSurrogateKey>
<indexColumnUsage>
<colUsage columnID="0103A8C2-4D93-8B2F-DEC8-2D8DF9881725"/>
</indexColumnUsage>
</ind_PK_UK>
</indexes>
</Table>