<?xml version = '1.0' encoding = 'UTF-8'?>
<Table class="oracle.dbtools.crest.model.design.relational.Table" directorySegmentName="seg_0" id="E714E0B0-8DE9-DE0E-7E80-F5700D5006B7" name="MEDICO">
<createdBy>nrivera</createdBy>
<createdTime>2025-09-15 17:22:08 UTC</createdTime>
<generatorID>06E9D080-ABF0-772D-1E3C-A636630851E3</generatorID>
<ownerDesignName>Sumativa_2</ownerDesignName>
<allowColumnReorder>false</allowColumnReorder>
<existDependencyGenerateInDDl>true</existDependencyGenerateInDDl>
<parsed>true</parsed>
<columns itemClass="oracle.dbtools.crest.model.design.relational.Column">
<Column name="id_medico" id="6939A184-1314-9F5A-93FE-C3E51B48B782">
<createdBy>nrivera</createdBy>
<createdTime>2025-09-15 17:22:08 UTC</createdTime>
<generatorID>C709A06D-664D-7CD0-41FE-8D95C1376313</generatorID>
<ownerDesignName>Sumativa_2</ownerDesignName>
<useDomainConstraints>false</useDomainConstraints>
<use>1</use>
<logicalDatatype>LOGDT011</logicalDatatype>
<ownDataTypeParameters>,,</ownDataTypeParameters>
<autoIncrementCycle>false</autoIncrementCycle>
</Column>
<Column name="rut" id="F712F8FD-F56C-B9DB-15BB-0C00CC73B3DB">
<createdBy>nrivera</createdBy>
<createdTime>2025-09-15 17:22:08 UTC</createdTime>
<generatorID>70EE2A51-6427-D0D1-2BBC-4DBE77107D67</generatorID>
<ownerDesignName>Sumativa_2</ownerDesignName>
<useDomainConstraints>false</useDomainConstraints>
<use>1</use>
<logicalDatatype>LOGDT025</logicalDatatype>
<dataTypeSize>13 CHAR</dataTypeSize>
<ownDataTypeParameters>13 CHAR,,</ownDataTypeParameters>
<autoIncrementCycle>false</autoIncrementCycle>
</Column>
<Column name="nombre" id="69B27A40-62F3-D2E1-9771-70A76954616A">
<createdBy>nrivera</createdBy>
<createdTime>2025-09-15 17:22:08 UTC</createdTime>
<generatorID>275B893B-709F-E5DE-E8BD-ACEB556086D5</generatorID>
<ownerDesignName>Sumativa_2</ownerDesignName>
<useDomainConstraints>false</useDomainConstraints>
<use>1</use>
<logicalDatatype>LOGDT025</logicalDatatype>
<dataTypeSize>50 CHAR</dataTypeSize>
<ownDataTypeParameters>50 CHAR,,</ownDataTypeParameters>
<autoIncrementCycle>false</autoIncrementCycle>
</Column>
<Column name="fecha_ingreso" id="EAC0C00D-47A1-09FA-4E92-30827B33DC35">
<createdBy>nrivera</createdBy>
<createdTime>2025-09-15 17:22:08 UTC</createdTime>
<generatorID>199C63FB-1F79-41BC-04F0-B8703AAF498E</generatorID>
<ownerDesignName>Sumativa_2</ownerDesignName>
<useDomainConstraints>false</useDomainConstraints>
<use>1</use>
<logicalDatatype>LOGDT007</logicalDatatype>
<ownDataTypeParameters>,,</ownDataTypeParameters>
<autoIncrementCycle>false</autoIncrementCycle>
</Column>
<Column name="especialidad" id="3989A8F5-31FA-4A44-0EDD-3A4C279AB9F6">
<createdBy>nrivera</createdBy>
<createdTime>2025-09-15 17:22:08 UTC</createdTime>
<generatorID>C28B9C5A-6A83-8F9B-26BC-E66BC0670500</generatorID>
<ownerDesignName>Sumativa_2</ownerDesignName>
<useDomainConstraints>false</useDomainConstraints>
<use>1</use>
<logicalDatatype>LOGDT025</logicalDatatype>
<dataTypeSize>50 CHAR</dataTypeSize>
<ownDataTypeParameters>50 CHAR,,</ownDataTypeParameters>
<autoIncrementCycle>false</autoIncrementCycle>
</Column>
<Column name="ESPECIALIDAD_id_especialidad" id="80789403-4686-7AA0-5297-6DC1ED6A4CD6">
<createdBy>nrivera</createdBy>
<createdTime>2025-09-16 01:52:00 UTC</createdTime>
<generatorID>BEDB7983-0974-94D4-F392-CC6FE23089BE</generatorID>
<ownerDesignName>Sumativa_2</ownerDesignName>
<useDomainConstraints>false</useDomainConstraints>
<use>1</use>
<logicalDatatype>LOGDT011</logicalDatatype>
<ownDataTypeParameters>,,</ownDataTypeParameters>
<previousColumn>false</previousColumn>
<autoIncrementCycle>false</autoIncrementCycle>
<associations>
<colAssociation fkAssociation="FDF9B5C2-F17D-1B29-B0BE-F5DF0A5D8767" referredColumn="F501DEC2-BFB2-2DCC-D221-EEAB4A4D7890"/>
</associations>
</Column>
<Column name="MEDICO_rut" id="5D3372E3-A3CE-CBFE-3554-64C462BE7221">
<createdBy>nrivera</createdBy>
<createdTime>2025-09-16 01:52:00 UTC</createdTime>
<generatorID>36F7C777-A6A2-316D-999C-3C37F462611F</generatorID>
<ownerDesignName>Sumativa_2</ownerDesignName>
<nullsAllowed>true</nullsAllowed>
<useDomainConstraints>false</useDomainConstraints>
<use>1</use>
<logicalDatatype>LOGDT025</logicalDatatype>
<dataTypeSize>13 CHAR</dataTypeSize>
<ownDataTypeParameters>,,</ownDataTypeParameters>
<previousColumn>false</previousColumn>
<autoIncrementCycle>false</autoIncrementCycle>
<associations>
<colAssociation fkAssociation="73E664BA-1BD6-90C4-4B15-EC52E6E90743" referredColumn="F712F8FD-F56C-B9DB-15BB-0C00CC73B3DB"/>
</associations>
</Column>
<Column name="MEDICO_id_medico" id="FAFF3DD7-8D6D-48D3-83BB-9A9FFF1F1D3E">
<createdBy>nrivera</createdBy>
<createdTime>2025-09-16 01:52:00 UTC</createdTime>
<generatorID>2FAD1393-2951-8F02-4808-96F9251C68E9</generatorID>
<ownerDesignName>Sumativa_2</ownerDesignName>
<nullsAllowed>true</nullsAllowed>
<useDomainConstraints>false</useDomainConstraints>
<use>1</use>
<logicalDatatype>LOGDT011</logicalDatatype>
<ownDataTypeParameters>,,</ownDataTypeParameters>
<previousColumn>false</previousColumn>
<autoIncrementCycle>false</autoIncrementCycle>
<associations>
<colAssociation fkAssociation="73E664BA-1BD6-90C4-4B15-EC52E6E90743" referredColumn="6939A184-1314-9F5A-93FE-C3E51B48B782"/>
</associations>
</Column>
<Column name="AFP_id_afp" id="C15F1DEF-A73A-C2AC-79F5-F15FCB7F5AC8">
<createdBy>nrivera</createdBy>
<createdTime>2025-09-16 01:52:00 UTC</createdTime>
<generatorID>0D4A7E7B-0EF2-FDFB-00B1-B20B894F7D7E</generatorID>
<ownerDesignName>Sumativa_2</ownerDesignName>
<useDomainConstraints>false</useDomainConstraints>
<use>1</use>
<logicalDatatype>LOGDT011</logicalDatatype>
<ownDataTypeParameters>,,</ownDataTypeParameters>
<previousColumn>false</previousColumn>
<autoIncrementCycle>false</autoIncrementCycle>
<associations>
<colAssociation fkAssociation="FCD10F3B-FE06-C2FF-7B81-3D1CFCB887A9" referredColumn="BE325B25-D4A2-C0B3-A757-E8DC161D6EAD"/>
</associations>
</Column>
<Column name="INSTITUCION_SALUD_id_institucion" id="C14E4669-0EA4-0D07-6ACF-0BFECC71271A">
<createdBy>nrivera</createdBy>
<createdTime>2025-09-16 01:52:00 UTC</createdTime>
<generatorID>5E7ADB3C-50C1-7CAF-9B42-6D11C442096A</generatorID>
<ownerDesignName>Sumativa_2</ownerDesignName>
<useDomainConstraints>false</useDomainConstraints>
<use>1</use>
<logicalDatatype>LOGDT011</logicalDatatype>
<ownDataTypeParameters>,,</ownDataTypeParameters>
<previousColumn>false</previousColumn>
<autoIncrementCycle>false</autoIncrementCycle>
<associations>
<colAssociation fkAssociation="F26E06CA-9A4B-3F04-2ADE-B83A27D2437E" referredColumn="8C9FE1B3-37DC-8AB4-2F4E-B45E3A980AB5"/>
</associations>
</Column>
</columns>
<indexes itemClass="oracle.dbtools.crest.model.design.relational.Index">
<ind_PK_UK id="38123F9E-999E-BEDA-5E4E-4B2460A8DAD6" name="MEDICO_PK">
<createdBy>nrivera</createdBy>
<createdTime>2025-09-15 17:22:08 UTC</createdTime>
<generatorID>F1EAAE64-1472-3FD9-5C6D-D4AF12A85EE4</generatorID>
<ownerDesignName>Sumativa_2</ownerDesignName>
<pk>true</pk>
<indexState>Primary Constraint</indexState>
<isSurrogateKey>false</isSurrogateKey>
<indexColumnUsage>
<colUsage columnID="F712F8FD-F56C-B9DB-15BB-0C00CC73B3DB"/>
<colUsage columnID="6939A184-1314-9F5A-93FE-C3E51B48B782"/>
</indexColumnUsage>
</ind_PK_UK>
<ind_PK_UK id="6606691B-7582-6E7B-4016-841CBDB94245" name="MEDICO_MEDICO_FK">
<createdBy>nrivera</createdBy>
<createdTime>2025-09-16 01:52:01 UTC</createdTime>
<generatorID>6DB04676-9F55-8B1E-D939-9BA60C1039E7</generatorID>
<ownerDesignName>Sumativa_2</ownerDesignName>
<indexState>Foreign Key</indexState>
<isSurrogateKey>false</isSurrogateKey>
<indexColumnUsage>
<colUsage columnID="5D3372E3-A3CE-CBFE-3554-64C462BE7221"/>
<colUsage columnID="FAFF3DD7-8D6D-48D3-83BB-9A9FFF1F1D3E"/>
</indexColumnUsage>
</ind_PK_UK>
<ind_PK_UK id="C623ED58-9AB1-57F4-2DC9-3D781CBB5F39" name="MEDICO_AFP_FK">
<createdBy>nrivera</createdBy>
<createdTime>2025-09-16 01:52:01 UTC</createdTime>
<generatorID>B20715B5-AAAC-39BF-F70B-38F01AFBE978</generatorID>
<ownerDesignName>Sumativa_2</ownerDesignName>
<indexState>Foreign Key</indexState>
<isSurrogateKey>false</isSurrogateKey>
<indexColumnUsage>
<colUsage columnID="C15F1DEF-A73A-C2AC-79F5-F15FCB7F5AC8"/>
</indexColumnUsage>
</ind_PK_UK>
<ind_PK_UK id="F414CA39-BA48-694D-A066-A28CF15DE621" name="MEDICO_INSTITUCION_SALUD_FK">
<createdBy>nrivera</createdBy>
<createdTime>2025-09-16 01:52:01 UTC</createdTime>
<generatorID>AB2B23DF-90EF-F13A-E9FE-3920D1CFCA4C</generatorID>
<ownerDesignName>Sumativa_2</ownerDesignName>
<indexState>Foreign Key</indexState>
<isSurrogateKey>false</isSurrogateKey>
<indexColumnUsage>
<colUsage columnID="C14E4669-0EA4-0D07-6ACF-0BFECC71271A"/>
</indexColumnUsage>
</ind_PK_UK>
<ind_PK_UK id="6D6CED86-B27E-7729-ED9A-2293D429F326" name="MEDICO_ESPECIALIDAD_FK">
<createdBy>nrivera</createdBy>
<createdTime>2025-09-16 01:52:01 UTC</createdTime>
<generatorID>FAB6723A-3476-6CAE-FC47-85536CF1C33C</generatorID>
<ownerDesignName>Sumativa_2</ownerDesignName>
<indexState>Foreign Key</indexState>
<isSurrogateKey>false</isSurrogateKey>
<indexColumnUsage>
<colUsage columnID="80789403-4686-7AA0-5297-6DC1ED6A4CD6"/>
</indexColumnUsage>
</ind_PK_UK>
</indexes>
</Table>