<?xml version = '1.0' encoding = 'UTF-8'?>
<Table class="oracle.dbtools.crest.model.design.relational.Table" directorySegmentName="seg_0" id="F185783B-BA7E-CCE2-1AAD-31450241253E" name="TRANSFERENCIA">
<createdBy>nrivera</createdBy>
<createdTime>2025-09-16 01:52:01 UTC</createdTime>
<generatorID>8B898391-1618-673D-577B-9E6745943A8F</generatorID>
<ownerDesignName>Sumativa_2</ownerDesignName>
<allowColumnReorder>false</allowColumnReorder>
<existDependencyGenerateInDDl>true</existDependencyGenerateInDDl>
<parsed>true</parsed>
<columns itemClass="oracle.dbtools.crest.model.design.relational.Column">
<Column name="id_pago" id="454BF826-6C38-18C1-41CA-0A20F4069F31">
<createdBy>nrivera</createdBy>
<createdTime>2025-09-16 01:52:01 UTC</createdTime>
<generatorID>5DCDAA07-E281-FB0C-31CD-AE11B39CB12E</generatorID>
<ownerDesignName>Sumativa_2</ownerDesignName>
<useDomainConstraints>false</useDomainConstraints>
<use>1</use>
<logicalDatatype>LOGDT011</logicalDatatype>
<ownDataTypeParameters>,,</ownDataTypeParameters>
<autoIncrementCycle>false</autoIncrementCycle>
<associations>
<colAssociation fkAssociation="852B04A1-72C7-DD9A-2D9D-C4A10251F784" referredColumn="F9000DD5-9D80-4803-0038-AA8AF0696AE3"/>
</associations>
</Column>
<Column name="id_transferencia" id="6123E1FC-D5D3-A54E-7165-B290326B3B21">
<createdBy>nrivera</createdBy>
<createdTime>2025-09-16 01:52:01 UTC</createdTime>
<generatorID>D0DF5AA2-97AB-55D1-EC8F-90B256BDD752</generatorID>
<ownerDesignName>Sumativa_2</ownerDesignName>
<useDomainConstraints>false</useDomainConstraints>
<use>1</use>
<logicalDatatype>LOGDT011</logicalDatatype>
<ownDataTypeParameters>,,</ownDataTypeParameters>
<autoIncrementCycle>false</autoIncrementCycle>
</Column>
<Column name="rut_origen" id="32343713-5F76-F774-9C11-1947E712C5A3">
<createdBy>nrivera</createdBy>
<createdTime>2025-09-16 01:52:01 UTC</createdTime>
<generatorID>0A1B37D8-4C10-2416-A82E-FF696F844857</generatorID>
<ownerDesignName>Sumativa_2</ownerDesignName>
<useDomainConstraints>false</useDomainConstraints>
<use>1</use>
<logicalDatatype>LOGDT025</logicalDatatype>
<dataTypeSize>13 CHAR</dataTypeSize>
<ownDataTypeParameters>13 CHAR,,</ownDataTypeParameters>
<autoIncrementCycle>false</autoIncrementCycle>
</Column>
<Column name="rut_destino" id="0CDD2DF5-E232-D82C-B65B-C609B73F44E3">
<createdBy>nrivera</createdBy>
<createdTime>2025-09-16 01:52:01 UTC</createdTime>
<generatorID>8762382C-085F-BB43-8E39-829649B06A34</generatorID>
<ownerDesignName>Sumativa_2</ownerDesignName>
<useDomainConstraints>false</useDomainConstraints>
<use>1</use>
<logicalDatatype>LOGDT025</logicalDatatype>
<dataTypeSize>13 CHAR</dataTypeSize>
<ownDataTypeParameters>13 CHAR,,</ownDataTypeParameters>
<autoIncrementCycle>false</autoIncrementCycle>
</Column>
<Column name="cuenta_origen" id="2BBFDC8D-FE83-A320-CD31-5905EEBF1BAA">
<createdBy>nrivera</createdBy>
<createdTime>2025-09-16 01:52:01 UTC</createdTime>
<generatorID>ED7D3EFA-9ABC-9C5D-2953-1272061981DE</generatorID>
<ownerDesignName>Sumativa_2</ownerDesignName>
<useDomainConstraints>false</useDomainConstraints>
<use>1</use>
<logicalDatatype>LOGDT011</logicalDatatype>
<ownDataTypeParameters>,,</ownDataTypeParameters>
<autoIncrementCycle>false</autoIncrementCycle>
</Column>
<Column name="cuenta_destino" id="735FB4B7-DDED-5627-5A04-56208575B282">
<createdBy>nrivera</createdBy>
<createdTime>2025-09-16 01:52:01 UTC</createdTime>
<generatorID>B75958E9-7081-05FE-A653-1865E69F512C</generatorID>
<ownerDesignName>Sumativa_2</ownerDesignName>
<useDomainConstraints>false</useDomainConstraints>
<use>1</use>
<logicalDatatype>LOGDT011</logicalDatatype>
<ownDataTypeParameters>,,</ownDataTypeParameters>
<autoIncrementCycle>false</autoIncrementCycle>
</Column>
</columns>
<indexes itemClass="oracle.dbtools.crest.model.design.relational.Index">
<ind_PK_UK id="FC826107-BFC9-17B9-3A09-1535B099E037" name="TRANSFERENCIA_PK">
<createdBy>nrivera</createdBy>
<createdTime>2025-09-16 01:52:01 UTC</createdTime>
<generatorID>6050D44B-F193-2562-4191-EBD71A1FA885</generatorID>
<ownerDesignName>Sumativa_2</ownerDesignName>
<pk>true</pk>
<indexState>Primary Constraint</indexState>
<isSurrogateKey>false</isSurrogateKey>
<indexColumnUsage>
<colUsage columnID="454BF826-6C38-18C1-41CA-0A20F4069F31"/>
</indexColumnUsage>
</ind_PK_UK>
<ind_PK_UK id="D616C12E-06AC-CDE8-B048-31D84928143F" name="TRANSFERENCIA_PKv1">
<createdBy>nrivera</createdBy>
<createdTime>2025-09-16 01:52:01 UTC</createdTime>
<generatorID>EB078B42-8D2C-99C0-2D2B-9E2625064EA5</generatorID>
<ownerDesignName>Sumativa_2</ownerDesignName>
<indexState>Unique Constraint</indexState>
<isSurrogateKey>false</isSurrogateKey>
<indexColumnUsage>
<colUsage columnID="6123E1FC-D5D3-A54E-7165-B290326B3B21"/>
</indexColumnUsage>
</ind_PK_UK>
<ind_PK_UK id="7C4F2895-2999-C6DD-F22C-C968870E95B5" name="TRANSFERENCIA_PAGO_FK">
<createdBy>nrivera</createdBy>
<createdTime>2025-09-16 01:52:01 UTC</createdTime>
<generatorID>B77FB5C3-BBC6-338F-5CFE-CCD4E5DEDAFB</generatorID>
<ownerDesignName>Sumativa_2</ownerDesignName>
<indexState>Foreign Key</indexState>
<isSurrogateKey>false</isSurrogateKey>
<indexColumnUsage>
<colUsage columnID="454BF826-6C38-18C1-41CA-0A20F4069F31"/>
</indexColumnUsage>
</ind_PK_UK>
</indexes>
</Table>