<?xml version = '1.0' encoding = 'UTF-8'?>
<Table class="oracle.dbtools.crest.model.design.relational.Table" directorySegmentName="seg_0" id="F70ACEAD-0A5B-880A-B7AC-C6F60D28BAE5" name="DIRECCION">
<createdBy>nrivera</createdBy>
<createdTime>2025-09-15 17:22:08 UTC</createdTime>
<generatorID>BBB7CD34-1C9E-68C1-637B-3E8BFC17F920</generatorID>
<ownerDesignName>Sumativa_2</ownerDesignName>
<allowColumnReorder>false</allowColumnReorder>
<existDependencyGenerateInDDl>true</existDependencyGenerateInDDl>
<parsed>true</parsed>
<columns itemClass="oracle.dbtools.crest.model.design.relational.Column">
<Column name="id_direccion" id="911A8907-24D2-75D4-C65F-A894D9FE6D49">
<createdBy>nrivera</createdBy>
<createdTime>2025-09-15 17:22:08 UTC</createdTime>
<generatorID>79774069-B071-F096-31F4-03568D1B622D</generatorID>
<ownerDesignName>Sumativa_2</ownerDesignName>
<useDomainConstraints>false</useDomainConstraints>
<use>1</use>
<logicalDatatype>LOGDT011</logicalDatatype>
<ownDataTypeParameters>,,</ownDataTypeParameters>
<autoIncrementCycle>false</autoIncrementCycle>
</Column>
<Column name="calle" id="5C992119-E2C1-CDB8-108B-827BFF37444C">
<createdBy>nrivera</createdBy>
<createdTime>2025-09-15 17:22:08 UTC</createdTime>
<generatorID>B8C305D1-A8DC-DE0D-8A05-924C2FFF3527</generatorID>
<ownerDesignName>Sumativa_2</ownerDesignName>
<useDomainConstraints>false</useDomainConstraints>
<use>1</use>
<logicalDatatype>LOGDT025</logicalDatatype>
<dataTypeSize>100 CHAR</dataTypeSize>
<ownDataTypeParameters>100 CHAR,,</ownDataTypeParameters>
<autoIncrementCycle>false</autoIncrementCycle>
</Column>
<Column name="numero_calle" id="B144F18C-F58B-253E-D700-1306B51583F2">
<createdBy>nrivera</createdBy>
<createdTime>2025-09-15 17:22:08 UTC</createdTime>
<generatorID>6F3346A6-B85D-816B-1BB8-5D50DF42BAD2</generatorID>
<ownerDesignName>Sumativa_2</ownerDesignName>
<nullsAllowed>true</nullsAllowed>
<useDomainConstraints>false</useDomainConstraints>
<use>1</use>
<logicalDatatype>LOGDT011</logicalDatatype>
<ownDataTypeParameters>,,</ownDataTypeParameters>
<autoIncrementCycle>false</autoIncrementCycle>
</Column>
<Column name="COMUNA_id_comuna" id="6E1F2EDC-1E4C-8D6B-4B7E-F0E0D59173C3">
<createdBy>nrivera</createdBy>
<createdTime>2025-09-16 01:52:00 UTC</createdTime>
<generatorID>EF3707F0-9ED3-DEF5-7134-935377BEE56C</generatorID>
<ownerDesignName>Sumativa_2</ownerDesignName>
<useDomainConstraints>false</useDomainConstraints>
<use>1</use>
<logicalDatatype>LOGDT011</logicalDatatype>
<ownDataTypeParameters>,,</ownDataTypeParameters>
<previousColumn>false</previousColumn>
<autoIncrementCycle>false</autoIncrementCycle>
<associations>
<colAssociation fkAssociation="6392C1D6-2063-512A-03D2-973B89BB0DB7" referredColumn="ABADF54A-3611-6978-7406-C182A93A239A"/>
</associations>
</Column>
</columns>
<indexes itemClass="oracle.dbtools.crest.model.design.relational.Index">
<ind_PK_UK id="7FF07F02-5726-763A-9A86-55392EACC9C3" name="DIRECCION_PK">
<createdBy>nrivera</createdBy>
<createdTime>2025-09-15 17:22:08 UTC</createdTime>
<generatorID>F44AA184-8D94-B422-E7CD-A0CAB9B517C4</generatorID>
<ownerDesignName>Sumativa_2</ownerDesignName>
<pk>true</pk>
<indexState>Primary Constraint</indexState>
<isSurrogateKey>false</isSurrogateKey>
<indexColumnUsage>
<colUsage columnID="911A8907-24D2-75D4-C65F-A894D9FE6D49"/>
</indexColumnUsage>
</ind_PK_UK>
<ind_PK_UK id="3E293B89-222D-D984-EFA9-87FA8807002B" name="DIRECCION_COMUNA_FK">
<createdBy>nrivera</createdBy>
<createdTime>2025-09-16 01:52:01 UTC</createdTime>
<generatorID>185CC152-500C-4F44-A973-D1F56A9FAFC1</generatorID>
<ownerDesignName>Sumativa_2</ownerDesignName>
<indexState>Foreign Key</indexState>
<isSurrogateKey>false</isSurrogateKey>
<indexColumnUsage>
<colUsage columnID="6E1F2EDC-1E4C-8D6B-4B7E-F0E0D59173C3"/>
</indexColumnUsage>
</ind_PK_UK>
</indexes>
</Table>